Distribuição dos casos notificados e confirmados (autóctones e importados ) de dengue segundo município de residência, por mês de início de sintomas,ESP, 2025;;;;;;;;;;;;;;;;;;;
;;;;;;;Janeiro ;;;Fevereiro;;;Março;;;total;;;
DRS;DRS NOME;GVE;GVE NOME;COD_RS_2024;NOME_RS_2024;MUN-RES;notificados ;confirmados;;notificados ;confirmados;;notificados ;confirmados;;notificados ;confirmados;;
;;;;;;;; autóctones ; importados ;; autóctones ; importados ;; autóctones ; importados ;; autóctones ; importados ;
;;;;;;;;;;;;;;;;;;;
9;MARÍLIA;19;MARILIA;35091;ADAMANTINA ;350010 Adamantina;231;136;0;327;141;0;465;192;0;1.023;469;0;
15;SÃO JOSÉ DO RIO PRETO;29;SAO JOSE DO RIO PRETO;35156;JOSÉ BONIFÁCIO;350020 Adolfo;202;142;0;104;60;0;40;12;0;346;214;0;
14;SÃO JOÃO DA BOA VISTA;26;SAO JOAO DA BOA VISTA;35142;MANTIQUEIRA;350030 Aguaí;119;58;0;248;72;0;704;212;2;1.071;342;2;
14;SÃO JOÃO DA BOA VISTA;26;SAO JOAO DA BOA VISTA;35142;MANTIQUEIRA;350040 Águas da Prata;12;1;0;41;6;2;35;9;0;88;16;2;
7;CAMPINAS;17;CAMPINAS;35074;CIRCUITO DAS AGUAS;350050 Águas de Lindóia;13;3;3;21;4;4;56;27;1;90;34;8;
6;BAURU;16;BOTUCATU;35061;VALE DO JURUMIRIM;350055 Águas de Santa Bárbara;35;8;0;112;36;0;320;148;1;467;192;1;
10;PIRACICABA;20;PIRACICABA;35103;PIRACICABA;350060 Águas de São Pedro;84;61;0;96;50;2;82;40;1;262;151;3;
6;BAURU;15;BAURU;35062;BAURU;350070 Agudos;49;42;0;112;95;0;196;145;1;357;282;1;
16;SOROCABA;31;SOROCABA;35161;ITAPETININGA;350075 Alambari;6;0;1;7;2;0;39;8;1;52;10;2;
11;PRESIDENTE PRUDENTE;21;PRESIDENTE PRUDENTE;35112;ALTA SOROCABANA;350080 Alfredo Marcondes;297;156;56;191;121;33;36;30;0;524;307;89;
5;BARRETOS;14;BARRETOS;35051;NORTE-BARRETOS;350090 Altair;42;11;0;31;9;0;38;9;1;111;29;1;
13;RIBEIRÃO PRETO;24;RIBEIRAO PRETO;35133;VALE DAS CACHOEIRAS;350100 Altinópolis;15;3;7;28;21;1;97;91;2;140;115;10;
2;ARAÇATUBA;11;ARACATUBA;35023;CONSÓRCIOS DO DRS II;350110 Alto Alegre;23;14;6;70;58;8;203;139;2;296;211;16;
16;SOROCABA;31;SOROCABA;35163;SOROCABA;350115 Alumínio;11;2;1;55;6;3;140;21;9;206;29;13;
15;SÃO JOSÉ DO RIO PRETO;29;SAO JOSE DO RIO PRETO;35157;VOTUPORANGA;350120 Álvares Florence;184;76;0;109;41;0;57;22;0;350;139;0;
11;PRESIDENTE PRUDENTE;21;PRESIDENTE PRUDENTE;35112;ALTA SOROCABANA;350130 Álvares Machado;256;46;3;209;84;3;379;154;16;844;284;22;
9;MARÍLIA;19;MARILIA;35093;MARÍLIA;350140 Álvaro de Carvalho;22;0;0;50;2;2;61;11;2;133;13;4;
9;MARÍLIA;19;MARILIA;35093;MARÍLIA;350150 Alvinlândia;8;1;2;9;3;3;60;17;35;77;21;40;
7;CAMPINAS;17;CAMPINAS;35072;REG METRO CAMPINAS;350160 Americana;1.956;796;1;4.675;2.043;3;7.351;3.203;3;13.982;6.042;7;
3;ARARAQUARA;12;ARARAQUARA;35031;CENTRAL DO DRS III;350170 Américo Brasiliense;88;43;17;419;289;23;1.674;1.161;15;2.181;1.493;55;
15;SÃO JOSÉ DO RIO PRETO;29;SAO JOSE DO RIO PRETO;35157;VOTUPORANGA;350180 Américo de Campos;148;57;2;170;64;1;88;24;1;406;145;4;
7;CAMPINAS;17;CAMPINAS;35074;CIRCUITO DAS AGUAS;350190 Amparo;1.701;1.055;3;2.012;1.786;1;2.140;2.085;2;5.853;4.926;6;
10;PIRACICABA;20;PIRACICABA;35104;RIO CLARO;350200 Analândia;19;3;2;29;1;1;72;23;1;120;27;4;
2;ARAÇATUBA;11;ARACATUBA;35022;LAGOS DO DRS II;350210 Andradina;467;119;0;598;92;0;590;145;0;1.655;356;0;
16;SOROCABA;31;SOROCABA;35161;ITAPETININGA;350220 Angatuba;1;1;0;41;10;1;277;113;1;319;124;2;
6;BAURU;16;BOTUCATU;35063;POLO CUESTA;350230 Anhembi;33;7;1;59;9;3;72;27;3;164;43;7;
11;PRESIDENTE PRUDENTE;21;PRESIDENTE PRUDENTE;35112;ALTA SOROCABANA;350240 Anhumas;21;3;0;80;23;0;158;75;0;259;101;0;
17;TAUBATÉ;33;TAUBATE;35172;CIRCUITO DA FÉ - VALE HISTÓRICO;350250 Aparecida;23;11;1;38;17;1;52;15;1;113;43;3;
15;SÃO JOSÉ DO RIO PRETO;30;JALES;35153;JALES;350260 Aparecida d'Oeste;248;131;15;98;54;11;33;17;5;379;202;31;
16;SOROCABA;32;ITAPEVA;35162;ITAPEVA;350270 Apiaí;17;0;1;23;1;1;35;4;8;75;5;10;
16;SOROCABA;31;SOROCABA;35163;SOROCABA;350275 Araçariguama;13;4;0;117;25;0;405;127;2;535;156;2;
2;ARAÇATUBA;11;ARACATUBA;35021;CENTRAL DO DRS II;350280 Araçatuba;11.289;5.185;24;8.073;3.172;9;4.100;1.015;3;23.462;9.372;36;
16;SOROCABA;31;SOROCABA;35163;SOROCABA;350290 Araçoiaba da Serra;80;24;0;152;45;0;164;57;1;396;126;1;
8;FRANCA;18;FRANCA;35083;ALTA MOGIANA;350300 Aramina;7;5;0;15;2;0;2;1;0;24;8;0;
6;BAURU;16;BOTUCATU;35061;VALE DO JURUMIRIM;350310 Arandu;3;1;0;16;2;0;37;15;0;56;18;0;
17;TAUBATÉ;33;TAUBATE;35172;CIRCUITO DA FÉ - VALE HISTÓRICO;350315 Arapeí;0;0;0;2;0;1;3;1;0;5;1;1;
3;ARARAQUARA;12;ARARAQUARA;35031;CENTRAL DO DRS III;350320 Araraquara;1.566;800;12;3.742;2.427;20;4.088;2.884;28;9.396;6.111;60;
10;PIRACICABA;20;PIRACICABA;35101;ARARAS;350330 Araras;608;382;15;1.037;647;7;1.207;777;3;2.852;1.806;25;
9;MARÍLIA;19;MARILIA;35095;TUPÃ;350335 Arco-Íris;16;6;0;33;24;0;20;14;0;69;44;0;
6;BAURU;15;BAURU;35062;BAURU;350340 Arealva;22;0;0;38;1;2;32;4;2;92;5;4;
17;TAUBATÉ;33;TAUBATE;35172;CIRCUITO DA FÉ - VALE HISTÓRICO;350350 Areias;0;0;0;1;0;0;6;1;0;7;1;0;
6;BAURU;16;BOTUCATU;35063;POLO CUESTA;350360 Areiópolis;56;14;0;117;11;1;125;14;0;298;39;1;
15;SÃO JOSÉ DO RIO PRETO;29;SAO JOSE DO RIO PRETO;35151;CATANDUVA;350370 Ariranha;62;21;0;107;54;0;179;75;0;348;150;0;
7;CAMPINAS;17;CAMPINAS;35072;REG METRO CAMPINAS;350380 Artur Nogueira;187;72;0;593;241;1;1.269;655;3;2.049;968;4;
1;GRANDE SÃO PAULO;8;MOGI DAS CRUZES;35011;ALTO DO TIETÊ;350390 Arujá;46;4;0;108;8;0;114;12;1;268;24;1;
15;SÃO JOSÉ DO RIO PRETO;30;JALES;35153;JALES;350395 Aspásia;283;216;3;58;50;0;26;7;0;367;273;3;
9;MARÍLIA;13;ASSIS;35092;ASSIS;350400 Assis;548;486;14;1.386;1.258;17;3.056;2.864;30;4.990;4.608;61;
7;CAMPINAS;17;CAMPINAS;35071;BRAGANÇA;350410 Atibaia;255;162;0;526;326;1;300;186;1;1.081;674;2;
2;ARAÇATUBA;11;ARACATUBA;35021;CENTRAL DO DRS II;350420 Auriflama;286;239;3;180;165;2;82;67;2;548;471;7;
6;BAURU;15;BAURU;35062;BAURU;350430 Avaí;4;2;0;12;6;0;12;1;0;28;9;0;
2;ARAÇATUBA;11;ARACATUBA;35023;CONSÓRCIOS DO DRS II;350440 Avanhandava;32;24;0;113;77;1;150;136;1;295;237;2;
6;BAURU;16;BOTUCATU;35061;VALE DO JURUMIRIM;350450 Avaré;75;39;0;333;118;0;1.146;738;2;1.554;895;2;
15;SÃO JOSÉ DO RIO PRETO;29;SAO JOSE DO RIO PRETO;35155;SÃO JOSÉ DO RIO PRETO;350460 Bady Bassitt;1.283;667;8;1.058;583;5;560;247;2;2.901;1.497;15;
6;BAURU;15;BAURU;35062;BAURU;350470 Balbinos;0;0;0;4;1;2;34;8;0;38;9;2;
15;SÃO JOSÉ DO RIO PRETO;29;SAO JOSE DO RIO PRETO;35155;SÃO JOSÉ DO RIO PRETO;350480 Bálsamo;276;139;0;237;166;1;262;205;0;775;510;1;
17;TAUBATÉ;33;TAUBATE;35172;CIRCUITO DA FÉ - VALE HISTÓRICO;350490 Bananal;0;0;0;55;35;0;83;22;0;138;57;0;
6;BAURU;16;BOTUCATU;35061;VALE DO JURUMIRIM;350500 Barão de Antonina;4;0;0;9;1;2;89;59;2;102;60;4;
2;ARAÇATUBA;11;ARACATUBA;35023;CONSÓRCIOS DO DRS II;350510 Barbosa;222;79;0;148;27;0;69;8;0;439;114;0;
6;BAURU;15;BAURU;35064;JAU;350520 Bariri;25;6;0;56;22;0;96;82;1;177;110;1;
6;BAURU;15;BAURU;35064;JAU;350530 Barra Bonita;59;8;2;121;14;7;269;57;20;449;79;29;
16;SOROCABA;32;ITAPEVA;35162;ITAPEVA;350535 Barra do Chapéu;7;0;0;22;0;0;4;0;0;33;0;0;
12;REGISTRO;23;REGISTRO;35121;VALE DO RIBEIRA;350540 Barra do Turvo;0;0;0;5;0;0;3;1;0;8;1;0;
5;BARRETOS;14;BARRETOS;35051;NORTE-BARRETOS;350550 Barretos;683;256;3;1.289;695;3;1.901;1.094;0;3.873;2.045;6;
13;RIBEIRÃO PRETO;24;RIBEIRAO PRETO;35131;HORIZONTE VERDE;350560 Barrinha;362;21;1;477;116;1;450;105;1;1.289;242;3;
1;GRANDE SÃO PAULO;10;OSASCO;35014;ROTA DOS BANDEIRANTES;350570 Barueri;245;34;1;702;121;0;1.572;205;2;2.519;360;3;
9;MARÍLIA;19;MARILIA;35095;TUPÃ;350580 Bastos;72;16;2;151;32;0;65;21;0;288;69;2;
13;RIBEIRÃO PRETO;24;RIBEIRAO PRETO;35133;VALE DAS CACHOEIRAS;350590 Batatais;403;68;1;806;204;0;753;347;1;1.962;619;2;
6;BAURU;15;BAURU;35062;BAURU;350600 Bauru;1.721;630;4;3.056;2.056;1;5.599;3.570;0;10.376;6.256;5;
5;BARRETOS;14;BARRETOS;35052;SUL-BARRETOS;350610 Bebedouro;386;38;1;377;23;1;394;32;4;1.157;93;6;
2;ARAÇATUBA;11;ARACATUBA;35021;CENTRAL DO DRS II;350620 Bento de Abreu;122;111;2;136;125;1;60;50;1;318;286;4;
9;MARÍLIA;13;ASSIS;35094;OURINHOS;350630 Bernardino de Campos;54;24;0;75;73;0;210;208;0;339;305;0;
4;BAIXADA SANTISTA;25;SANTOS;35041;BAIXADA SANTISTA;350635 Bertioga;24;2;0;43;5;0;36;8;0;103;15;0;
2;ARAÇATUBA;11;ARACATUBA;35021;CENTRAL DO DRS II;350640 Bilac;458;330;6;106;55;0;35;5;0;599;390;6;
2;ARAÇATUBA;11;ARACATUBA;35023;CONSÓRCIOS DO DRS II;350650 Birigui;1.933;1.441;18;2.894;2.389;7;2.635;2.065;18;7.462;5.895;43;
1;GRANDE SÃO PAULO;8;MOGI DAS CRUZES;35011;ALTO DO TIETÊ;350660 Biritiba Mirim;34;8;4;60;14;3;101;41;1;195;63;8;
3;ARARAQUARA;12;ARARAQUARA;35031;CENTRAL DO DRS III;350670 Boa Esperança do Sul;63;15;0;159;41;0;546;255;1;768;311;1;
6;BAURU;15;BAURU;35064;JAU;350680 Bocaina;22;4;2;25;4;0;34;17;3;81;25;5;
6;BAURU;16;BOTUCATU;35063;POLO CUESTA;350690 Bofete;45;0;2;154;24;0;291;34;1;490;58;3;
16;SOROCABA;31;SOROCABA;35163;SOROCABA;350700 Boituva;103;29;2;364;120;1;1.052;421;1;1.519;570;4;
7;CAMPINAS;17;CAMPINAS;35071;BRAGANÇA;350710 Bom Jesus dos Perdões;24;5;0;66;8;0;50;8;0;140;21;0;
16;SOROCABA;32;ITAPEVA;35162;ITAPEVA;350715 Bom Sucesso de Itararé;0;0;0;2;0;0;11;0;3;13;0;3;
9;MARÍLIA;13;ASSIS;35092;ASSIS;350720 Borá;3;0;0;6;0;1;8;2;0;17;2;1;
6;BAURU;15;BAURU;35064;JAU;350730 Boracéia;4;3;0;4;3;0;17;6;1;25;12;1;
3;ARARAQUARA;12;ARARAQUARA;35033;NOROESTE DRS III;350740 Borborema;112;69;0;292;176;4;612;361;4;1.016;606;8;
6;BAURU;15;BAURU;35062;BAURU;350745 Borebi;18;1;1;25;1;0;38;1;2;81;3;3;
6;BAURU;16;BOTUCATU;35063;POLO CUESTA;350750 Botucatu;263;71;13;586;110;12;1.063;398;18;1.912;579;43;
7;CAMPINAS;17;CAMPINAS;35071;BRAGANÇA;350760 Bragança Paulista;169;30;2;294;69;0;342;47;11;805;146;13;
2;ARAÇATUBA;11;ARACATUBA;35023;CONSÓRCIOS DO DRS II;350770 Braúna;12;10;1;5;3;0;12;8;0;29;21;1;
2;ARAÇATUBA;11;ARACATUBA;35023;CONSÓRCIOS DO DRS II;350775 Brejo Alegre;61;17;5;115;24;2;87;4;0;263;45;7;
13;RIBEIRÃO PRETO;24;RIBEIRAO PRETO;35133;VALE DAS CACHOEIRAS;350780 Brodowski;48;14;1;100;28;0;101;43;0;249;85;1;
6;BAURU;15;BAURU;35064;JAU;350790 Brotas;56;22;1;117;30;1;229;124;3;402;176;5;
16;SOROCABA;32;ITAPEVA;35162;ITAPEVA;350800 Buri;31;10;0;162;35;1;329;88;2;522;133;3;
2;ARAÇATUBA;11;ARACATUBA;35023;CONSÓRCIOS DO DRS II;350810 Buritama;413;328;1;464;430;1;261;246;0;1.138;1.004;2;
8;FRANCA;18;FRANCA;35083;ALTA MOGIANA;350820 Buritizal;8;1;0;7;2;0;6;0;0;21;3;0;
6;BAURU;15;BAURU;35062;BAURU;350830 Cabrália Paulista;21;12;0;54;33;0;188;130;1;263;175;1;
7;CAMPINAS;17;CAMPINAS;35073;JUNDIAÍ;350840 Cabreúva;29;14;0;192;103;0;638;514;6;859;631;6;
17;TAUBATÉ;27;SAO JOSE DOS CAMPOS;35171;ALTO VALE DO PARAÍBA;350850 Caçapava;274;15;1;474;60;0;770;150;3;1.518;225;4;
17;TAUBATÉ;33;TAUBATE;35172;CIRCUITO DA FÉ - VALE HISTÓRICO;350860 Cachoeira Paulista;39;2;0;48;2;0;87;6;0;174;10;0;
14;SÃO JOÃO DA BOA VISTA;26;SAO JOAO DA BOA VISTA;35143;RIO PARDO;350870 Caconde;50;13;0;145;47;0;188;89;0;383;149;0;
6;BAURU;15;BAURU;35065;LINS;350880 Cafelândia;51;23;0;53;23;1;39;10;0;143;56;1;
11;PRESIDENTE PRUDENTE;21;PRESIDENTE PRUDENTE;35112;ALTA SOROCABANA;350890 Caiabu;6;0;0;21;1;0;51;19;2;78;20;2;
1;GRANDE SÃO PAULO;9;FRANCO DA ROCHA;35012;FRANCO DA ROCHA;350900 Caieiras;26;10;1;255;116;0;400;154;1;681;280;2;
11;PRESIDENTE PRUDENTE;22;PRESIDENTE VENCESLAU;35114;EXTREMO OESTE PAULISTA;350910 Caiuá;6;2;0;10;1;0;6;2;0;22;5;0;
1;GRANDE SÃO PAULO;9;FRANCO DA ROCHA;35012;FRANCO DA ROCHA;350920 Cajamar;97;7;1;182;13;3;293;22;3;572;42;7;
12;REGISTRO;23;REGISTRO;35121;VALE DO RIBEIRA;350925 Cajati;3;0;0;17;12;0;170;160;3;190;172;3;
5;BARRETOS;14;BARRETOS;35051;NORTE-BARRETOS;350930 Cajobi;30;16;0;63;32;0;101;62;1;194;110;1;
13;RIBEIRÃO PRETO;24;RIBEIRAO PRETO;35133;VALE DAS CACHOEIRAS;350940 Cajuru;110;104;0;220;213;1;240;222;0;570;539;1;
16;SOROCABA;31;SOROCABA;35161;ITAPETININGA;350945 Campina do Monte Alegre;5;4;0;12;2;2;54;14;3;71;20;5;
7;CAMPINAS;17;CAMPINAS;35072;REG METRO CAMPINAS;350950 Campinas;3.209;1.926;5;6.403;4.698;4;14.931;11.661;5;24.543;18.285;14;
7;CAMPINAS;17;CAMPINAS;35073;JUNDIAÍ;350960 Campo Limpo Paulista;90;21;1;153;39;0;361;87;0;604;147;1;
17;TAUBATÉ;33;TAUBATE;35174;V. PARAÍBA-REG. SERRANA;350970 Campos do Jordão;23;0;3;34;0;5;28;0;2;85;0;10;
9;MARÍLIA;19;MARILIA;35093;MARÍLIA;350980 Campos Novos Paulista;441;343;0;248;177;0;173;107;0;862;627;0;
12;REGISTRO;23;REGISTRO;35121;VALE DO RIBEIRA;350990 Cananéia;11;1;0;26;1;0;31;6;0;68;8;0;
17;TAUBATÉ;33;TAUBATE;35172;CIRCUITO DA FÉ - VALE HISTÓRICO;350995 Canas;4;0;0;8;0;2;5;1;0;17;1;2;
9;MARÍLIA;13;ASSIS;35092;ASSIS;351000 Cândido Mota;751;548;16;1.689;1.222;15;1.900;870;4;4.340;2.640;35;
3;ARARAQUARA;12;ARARAQUARA;35033;NOROESTE DRS III;351010 Cândido Rodrigues;20;12;3;35;22;2;53;41;1;108;75;6;
9;MARÍLIA;13;ASSIS;35094;OURINHOS;351015 Canitar;22;5;0;117;31;1;329;115;3;468;151;4;
16;SOROCABA;31;SOROCABA;35161;ITAPETININGA;351020 Capão Bonito;27;4;0;115;5;5;124;12;1;266;21;6;
16;SOROCABA;31;SOROCABA;35163;SOROCABA;351030 Capela do Alto;57;3;5;205;30;4;286;45;17;548;78;26;
10;PIRACICABA;20;PIRACICABA;35103;PIRACICABA;351040 Capivari;80;15;1;212;30;1;132;41;0;424;86;2;
17;TAUBATÉ;28;CARAGUATATUBA;35173;LITORAL NORTE;351050 Caraguatatuba;329;52;0;881;132;1;1.527;154;1;2.737;338;2;
1;GRANDE SÃO PAULO;10;OSASCO;35014;ROTA DOS BANDEIRANTES;351060 Carapicuíba;113;13;0;299;49;0;1.112;194;1;1.524;256;1;
15;SÃO JOSÉ DO RIO PRETO;29;SAO JOSE DO RIO PRETO;35157;VOTUPORANGA;351070 Cardoso;348;195;0;129;74;0;7;2;1;484;271;1;
14;SÃO JOÃO DA BOA VISTA;26;SAO JOAO DA BOA VISTA;35143;RIO PARDO;351080 Casa Branca;125;25;0;194;34;0;369;48;0;688;107;0;
13;RIBEIRÃO PRETO;24;RIBEIRAO PRETO;35133;VALE DAS CACHOEIRAS;351090 Cássia dos Coqueiros;12;5;0;75;49;0;43;35;1;130;89;1;
2;ARAÇATUBA;11;ARACATUBA;35022;LAGOS DO DRS II;351100 Castilho;72;23;0;91;19;0;105;18;0;268;60;0;
15;SÃO JOSÉ DO RIO PRETO;29;SAO JOSE DO RIO PRETO;35151;CATANDUVA;351110 Catanduva;2.055;1.201;1;2.621;1.668;1;2.634;801;2;7.310;3.670;4;
15;SÃO JOSÉ DO RIO PRETO;29;SAO JOSE DO RIO PRETO;35151;CATANDUVA;351120 Catiguá;83;31;0;105;44;1;71;19;0;259;94;1;
15;SÃO JOSÉ DO RIO PRETO;29;SAO JOSE DO RIO PRETO;35155;SÃO JOSÉ DO RIO PRETO;351130 Cedral;737;342;122;542;277;63;307;79;21;1.586;698;206;
6;BAURU;16;BOTUCATU;35061;VALE DO JURUMIRIM;351140 Cerqueira César;7;1;1;22;16;2;183;107;63;212;124;66;
16;SOROCABA;31;SOROCABA;35161;ITAPETININGA;351150 Cerquilho;56;7;3;176;52;14;613;264;46;845;323;63;
16;SOROCABA;31;SOROCABA;35161;ITAPETININGA;351160 Cesário Lange;32;9;4;163;39;1;222;21;0;417;69;5;
10;PIRACICABA;20;PIRACICABA;35103;PIRACICABA;351170 Charqueada;85;8;0;123;16;1;198;26;9;406;50;10;
2;ARAÇATUBA;11;ARACATUBA;35023;CONSÓRCIOS DO DRS II;351190 Clementina;107;99;2;96;88;1;10;7;0;213;194;3;
5;BARRETOS;14;BARRETOS;35051;NORTE-BARRETOS;351200 Colina;97;31;2;190;65;3;126;44;0;413;140;5;
5;BARRETOS;14;BARRETOS;35051;NORTE-BARRETOS;351210 Colômbia;21;3;1;19;9;0;50;12;1;90;24;2;
10;PIRACICABA;20;PIRACICABA;35101;ARARAS;351220 Conchal;120;25;0;286;81;1;652;249;4;1.058;355;5;
6;BAURU;16;BOTUCATU;35063;POLO CUESTA;351230 Conchas;1.154;663;0;1.946;1.079;8;1.133;483;4;4.233;2.225;12;
10;PIRACICABA;20;PIRACICABA;35102;LIMEIRA;351240 Cordeirópolis;224;129;0;555;243;1;312;238;1;1.091;610;2;
2;ARAÇATUBA;11;ARACATUBA;35023;CONSÓRCIOS DO DRS II;351250 Coroados;521;269;2;203;63;0;82;16;0;806;348;2;
6;BAURU;16;BOTUCATU;35061;VALE DO JURUMIRIM;351260 Coronel Macedo;8;2;0;28;5;0;24;3;0;60;10;0;
10;PIRACICABA;20;PIRACICABA;35104;RIO CLARO;351270 Corumbataí;11;0;0;16;5;0;49;9;1;76;14;1;
7;CAMPINAS;17;CAMPINAS;35072;REG METRO CAMPINAS;351280 Cosmópolis;242;44;0;472;89;4;838;263;16;1.552;396;20;
15;SÃO JOSÉ DO RIO PRETO;29;SAO JOSE DO RIO PRETO;35157;VOTUPORANGA;351290 Cosmorama;221;74;5;130;61;0;87;31;1;438;166;6;
1;GRANDE SÃO PAULO;10;OSASCO;35013;MANANCIAIS;351300 Cotia;251;23;4;580;65;0;1.586;333;6;2.417;421;10;
13;RIBEIRÃO PRETO;24;RIBEIRAO PRETO;35132;AQUÍFERO GUARANI;351310 Cravinhos;185;89;0;210;81;0;273;140;0;668;310;0;
8;FRANCA;18;FRANCA;35081;TRÊS COLINAS;351320 Cristais Paulista;9;1;0;23;5;0;22;7;0;54;13;0;
9;MARÍLIA;13;ASSIS;35092;ASSIS;351330 Cruzália;3;1;0;26;15;3;53;37;0;82;53;3;
17;TAUBATÉ;33;TAUBATE;35172;CIRCUITO DA FÉ - VALE HISTÓRICO;351340 Cruzeiro;69;3;0;88;3;0;129;18;0;286;24;0;
4;BAIXADA SANTISTA;25;SANTOS;35041;BAIXADA SANTISTA;351350 Cubatão;57;2;0;89;5;0;100;31;0;246;38;0;
17;TAUBATÉ;33;TAUBATE;35172;CIRCUITO DA FÉ - VALE HISTÓRICO;351360 Cunha;31;4;0;45;3;0;30;0;1;106;7;1;
3;ARARAQUARA;12;ARARAQUARA;35032;CORAÇÃO DO DRS III;351370 Descalvado;618;458;0;1.264;1.093;3;1.068;922;2;2.950;2.473;5;
1;GRANDE SÃO PAULO;7;SANTO ANDRE;35015;GRANDE ABC;351380 Diadema;253;154;9;718;349;14;1.467;595;27;2.438;1.098;50;
15;SÃO JOSÉ DO RIO PRETO;30;JALES;35153;JALES;351385 Dirce Reis;37;27;0;14;8;0;16;5;0;67;40;0;
14;SÃO JOÃO DA BOA VISTA;26;SAO JOAO DA BOA VISTA;35143;RIO PARDO;351390 Divinolândia;4;2;1;23;3;0;41;19;0;68;24;1;
3;ARARAQUARA;12;ARARAQUARA;35033;NOROESTE DRS III;351400 Dobrada;192;120;0;260;153;3;143;60;1;595;333;4;
6;BAURU;15;BAURU;35064;JAU;351410 Dois Córregos;28;0;3;77;5;1;66;14;1;171;19;5;
15;SÃO JOSÉ DO RIO PRETO;30;JALES;35153;JALES;351420 Dolcinópolis;24;12;0;13;8;0;3;1;0;40;21;0;
3;ARARAQUARA;12;ARARAQUARA;35032;CORAÇÃO DO DRS III;351430 Dourado;18;0;0;43;6;0;160;33;0;221;39;0;
11;PRESIDENTE PRUDENTE;22;PRESIDENTE VENCESLAU;35111;ALTA PAULISTA;351440 Dracena;256;30;1;355;56;3;438;77;2;1.049;163;6;
6;BAURU;15;BAURU;35062;BAURU;351450 Duartina;11;2;2;32;22;0;116;59;0;159;83;2;
13;RIBEIRÃO PRETO;24;RIBEIRAO PRETO;35131;HORIZONTE VERDE;351460 Dumont;118;31;0;238;41;1;201;55;4;557;127;5;
9;MARÍLIA;19;MARILIA;35093;MARÍLIA;351470 Echaporã;84;50;1;148;84;0;283;160;1;515;294;2;
12;REGISTRO;23;REGISTRO;35121;VALE DO RIBEIRA;351480 Eldorado;0;0;0;10;1;0;52;5;0;62;6;0;
10;PIRACICABA;20;PIRACICABA;35103;PIRACICABA;351490 Elias Fausto;357;221;4;355;185;0;288;125;3;1.000;531;7;
15;SÃO JOSÉ DO RIO PRETO;29;SAO JOSE DO RIO PRETO;35151;CATANDUVA;351492 Elisiário;19;5;0;30;11;0;17;11;0;66;27;0;
15;SÃO JOSÉ DO RIO PRETO;29;SAO JOSE DO RIO PRETO;35151;CATANDUVA;351495 Embaúba;15;11;0;16;10;0;46;30;0;77;51;0;
1;GRANDE SÃO PAULO;10;OSASCO;35013;MANANCIAIS;351500 Embu das Artes;132;9;1;282;10;3;480;36;0;894;55;4;
1;GRANDE SÃO PAULO;10;OSASCO;35013;MANANCIAIS;351510 Embu-Guaçu;64;24;0;286;45;0;143;29;1;493;98;1;
11;PRESIDENTE PRUDENTE;21;PRESIDENTE PRUDENTE;35112;ALTA SOROCABANA;351512 Emilianópolis;32;16;3;23;12;5;16;11;5;71;39;13;
10;PIRACICABA;20;PIRACICABA;35102;LIMEIRA;351515 Engenheiro Coelho;189;109;0;789;390;4;1.222;553;6;2.200;1.052;10;
14;SÃO JOÃO DA BOA VISTA;26;SAO JOAO DA BOA VISTA;35142;MANTIQUEIRA;351518 Espírito Santo do Pinhal;413;98;0;917;357;0;1.677;1.503;3;3.007;1.958;3;
9;MARÍLIA;13;ASSIS;35094;OURINHOS;351519 Espírito Santo do Turvo;26;10;3;51;12;2;118;67;2;195;89;7;
15;SÃO JOSÉ DO RIO PRETO;30;JALES;35154;FERNANDÓPOLIS;351520 Estrela d'Oeste;325;304;6;156;146;1;64;58;1;545;508;8;
11;PRESIDENTE PRUDENTE;21;PRESIDENTE PRUDENTE;35112;ALTA SOROCABANA;351530 Estrela do Norte;7;2;0;35;11;0;82;46;0;124;59;0;
11;PRESIDENTE PRUDENTE;22;PRESIDENTE VENCESLAU;35115;PONTAL DO PARANAPANEMA;351535 Euclides da Cunha Paulista;9;2;0;19;8;0;28;7;0;56;17;0;
6;BAURU;16;BOTUCATU;35061;VALE DO JURUMIRIM;351540 Fartura;22;5;0;88;27;0;223;97;1;333;129;1;
15;SÃO JOSÉ DO RIO PRETO;30;JALES;35154;FERNANDÓPOLIS;351550 Fernandópolis;3.621;3.507;58;1.659;1.590;25;468;403;2;5.748;5.500;85;
15;SÃO JOSÉ DO RIO PRETO;29;SAO JOSE DO RIO PRETO;35151;CATANDUVA;351560 Fernando Prestes;29;11;0;64;28;2;112;56;8;205;95;10;
9;MARÍLIA;19;MARILIA;35093;MARÍLIA;351565 Fernão;2;2;0;8;2;0;19;15;1;29;19;1;
1;GRANDE SÃO PAULO;8;MOGI DAS CRUZES;35011;ALTO DO TIETÊ;351570 Ferraz de Vasconcelos;96;10;0;259;25;5;285;28;2;640;63;7;
11;PRESIDENTE PRUDENTE;22;PRESIDENTE VENCESLAU;35111;ALTA PAULISTA;351580 Flora Rica;0;0;0;10;2;0;8;5;0;18;7;0;
15;SÃO JOSÉ DO RIO PRETO;29;SAO JOSE DO RIO PRETO;35157;VOTUPORANGA;351590 Floreal;101;54;0;97;45;0;58;24;0;256;123;0;
9;MARÍLIA;19;MARILIA;35091;ADAMANTINA ;351600 Flórida Paulista;232;174;5;124;109;0;92;75;3;448;358;8;
9;MARÍLIA;13;ASSIS;35092;ASSIS;351610 Florínea;22;6;2;62;14;0;153;40;0;237;60;2;
8;FRANCA;18;FRANCA;35081;TRÊS COLINAS;351620 Franca;850;413;1;1.263;597;3;1.314;263;4;3.427;1.273;8;
1;GRANDE SÃO PAULO;9;FRANCO DA ROCHA;35012;FRANCO DA ROCHA;351630 Francisco Morato;29;13;0;96;45;6;231;146;0;356;204;6;
1;GRANDE SÃO PAULO;9;FRANCO DA ROCHA;35012;FRANCO DA ROCHA;351640 Franco da Rocha;159;32;1;498;170;1;500;196;1;1.157;398;3;
2;ARAÇATUBA;11;ARACATUBA;35023;CONSÓRCIOS DO DRS II;351650 Gabriel Monteiro;94;69;1;45;39;0;88;76;0;227;184;1;
9;MARÍLIA;19;MARILIA;35093;MARÍLIA;351660 Gália;17;6;0;44;10;2;90;44;0;151;60;2;
9;MARÍLIA;19;MARILIA;35093;MARÍLIA;351670 Garça;269;166;8;759;479;24;1.619;640;34;2.647;1.285;66;
15;SÃO JOSÉ DO RIO PRETO;29;SAO JOSE DO RIO PRETO;35157;VOTUPORANGA;351680 Gastão Vidigal;182;70;0;169;61;0;41;22;0;392;153;0;
3;ARARAQUARA;12;ARARAQUARA;35031;CENTRAL DO DRS III;351685 Gavião Peixoto;28;3;8;68;16;1;154;50;2;250;69;11;
15;SÃO JOSÉ DO RIO PRETO;29;SAO JOSE DO RIO PRETO;35157;VOTUPORANGA;351690 General Salgado;387;211;4;324;204;5;205;131;5;916;546;14;
6;BAURU;15;BAURU;35065;LINS;351700 Getulina;45;5;0;174;18;0;143;38;0;362;61;0;
2;ARAÇATUBA;11;ARACATUBA;35023;CONSÓRCIOS DO DRS II;351710 Glicério;360;196;14;178;80;8;201;80;2;739;356;24;
6;BAURU;15;BAURU;35065;LINS;351720 Guaiçara;448;366;0;273;255;0;104;96;0;825;717;0;
9;MARÍLIA;19;MARILIA;35093;MARÍLIA;351730 Guaimbê;35;16;0;49;11;0;39;8;0;123;35;0;
5;BARRETOS;14;BARRETOS;35051;NORTE-BARRETOS;351740 Guaíra;1.835;977;1;1.762;800;0;874;174;0;4.471;1.951;1;
15;SÃO JOSÉ DO RIO PRETO;29;SAO JOSE DO RIO PRETO;35155;SÃO JOSÉ DO RIO PRETO;351750 Guapiaçu;998;229;343;925;272;343;647;366;65;2.570;867;751;
16;SOROCABA;32;ITAPEVA;35162;ITAPEVA;351760 Guapiara;3;0;0;40;3;0;47;4;1;90;7;1;
8;FRANCA;18;FRANCA;35083;ALTA MOGIANA;351770 Guará;15;2;1;34;4;0;15;2;0;64;8;1;
2;ARAÇATUBA;11;ARACATUBA;35022;LAGOS DO DRS II;351780 Guaraçaí;635;404;4;215;116;1;86;30;0;936;550;5;
5;BARRETOS;14;BARRETOS;35051;NORTE-BARRETOS;351790 Guaraci;37;27;0;19;9;0;20;8;0;76;44;0;
15;SÃO JOSÉ DO RIO PRETO;30;JALES;35154;FERNANDÓPOLIS;351800 Guarani d'Oeste;16;13;0;41;15;0;36;8;0;93;36;0;
9;MARÍLIA;19;MARILIA;35093;MARÍLIA;351810 Guarantã;18;3;0;24;18;0;27;24;0;69;45;0;
2;ARAÇATUBA;11;ARACATUBA;35021;CENTRAL DO DRS II;351820 Guararapes;698;401;1;959;625;0;874;569;0;2.531;1.595;1;
1;GRANDE SÃO PAULO;8;MOGI DAS CRUZES;35011;ALTO DO TIETÊ;351830 Guararema;132;8;0;151;16;0;98;6;0;381;30;0;
17;TAUBATÉ;33;TAUBATE;35172;CIRCUITO DA FÉ - VALE HISTÓRICO;351840 Guaratinguetá;71;7;0;127;8;3;255;45;0;453;60;3;
16;SOROCABA;31;SOROCABA;35161;ITAPETININGA;351850 Guareí;2;0;0;8;0;0;70;9;2;80;9;2;
13;RIBEIRÃO PRETO;24;RIBEIRAO PRETO;35131;HORIZONTE VERDE;351860 Guariba;239;42;0;301;88;0;307;133;2;847;263;2;
4;BAIXADA SANTISTA;25;SANTOS;35041;BAIXADA SANTISTA;351870 Guarujá;131;63;3;724;331;5;818;396;2;1.673;790;10;
1;GRANDE SÃO PAULO;8;MOGI DAS CRUZES;35011;ALTO DO TIETÊ;351880 Guarulhos;1.307;391;12;2.905;603;11;3.672;1.054;17;7.884;2.048;40;
13;RIBEIRÃO PRETO;24;RIBEIRAO PRETO;35132;AQUÍFERO GUARANI;351885 Guatapará;10;1;0;43;12;0;53;15;0;106;28;0;
2;ARAÇATUBA;11;ARACATUBA;35021;CENTRAL DO DRS II;351890 Guzolândia;54;46;2;17;14;0;7;5;0;78;65;2;
9;MARÍLIA;19;MARILIA;35095;TUPÃ;351900 Herculândia;58;17;0;46;15;0;29;15;0;133;47;0;
7;CAMPINAS;17;CAMPINAS;35072;REG METRO CAMPINAS;351905 Holambra;53;44;3;86;74;0;330;304;1;469;422;4;
7;CAMPINAS;17;CAMPINAS;35072;REG METRO CAMPINAS;351907 Hortolândia;813;250;5;3.976;1.535;3;6.382;2.059;1;11.171;3.844;9;
6;BAURU;15;BAURU;35062;BAURU;351910 Iacanga;155;69;1;185;48;1;206;55;0;546;172;2;
9;MARÍLIA;19;MARILIA;35095;TUPÃ;351920 Iacri;77;54;1;132;58;1;67;60;2;276;172;4;
6;BAURU;16;BOTUCATU;35061;VALE DO JURUMIRIM;351925 Iaras;25;16;0;50;36;2;74;69;0;149;121;2;
3;ARARAQUARA;12;ARARAQUARA;35032;CORAÇÃO DO DRS III;351930 Ibaté;209;44;0;339;85;2;565;273;10;1.113;402;12;
15;SÃO JOSÉ DO RIO PRETO;29;SAO JOSE DO RIO PRETO;35155;SÃO JOSÉ DO RIO PRETO;351940 Ibirá;632;329;1;392;231;2;209;109;0;1.233;669;3;
9;MARÍLIA;13;ASSIS;35094;OURINHOS;351950 Ibirarema;17;7;0;123;56;1;338;196;0;478;259;1;
3;ARARAQUARA;12;ARARAQUARA;35033;NOROESTE DRS III;351960 Ibitinga;2.015;1.335;2;2.832;1.680;3;1.523;1.103;2;6.370;4.118;7;
16;SOROCABA;31;SOROCABA;35163;SOROCABA;351970 Ibiúna;66;4;0;155;20;0;345;64;2;566;88;2;
15;SÃO JOSÉ DO RIO PRETO;29;SAO JOSE DO RIO PRETO;35155;SÃO JOSÉ DO RIO PRETO;351980 Icém;91;11;1;126;26;0;106;19;1;323;56;2;
11;PRESIDENTE PRUDENTE;21;PRESIDENTE PRUDENTE;35113;ALTO CAPIVARI;351990 Iepê;38;8;0;81;29;0;214;96;0;333;133;0;
6;BAURU;15;BAURU;35064;JAU;352000 Igaraçu do Tietê;68;22;1;230;69;1;556;124;0;854;215;2;
8;FRANCA;18;FRANCA;35083;ALTA MOGIANA;352010 Igarapava;48;3;0;84;5;1;39;7;0;171;15;1;
17;TAUBATÉ;27;SAO JOSE DOS CAMPOS;35171;ALTO VALE DO PARAÍBA;352020 Igaratá;4;0;0;14;1;0;21;4;0;39;5;0;
12;REGISTRO;23;REGISTRO;35121;VALE DO RIBEIRA;352030 Iguape;5;4;0;16;14;0;46;34;0;67;52;0;
17;TAUBATÉ;28;CARAGUATATUBA;35173;LITORAL NORTE;352040 Ilhabela;273;35;2;327;71;1;252;121;2;852;227;5;
12;REGISTRO;23;REGISTRO;35121;VALE DO RIBEIRA;352042 Ilha Comprida;0;0;0;1;0;0;58;7;0;59;7;0;
2;ARAÇATUBA;11;ARACATUBA;35022;LAGOS DO DRS II;352044 Ilha Solteira;293;91;1;360;135;1;271;160;1;924;386;3;
7;CAMPINAS;17;CAMPINAS;35072;REG METRO CAMPINAS;352050 Indaiatuba;1.600;1.223;26;4.008;3.349;16;1.280;660;5;6.888;5.232;47;
11;PRESIDENTE PRUDENTE;21;PRESIDENTE PRUDENTE;35112;ALTA SOROCABANA;352060 Indiana;205;105;0;208;105;1;146;82;1;559;292;2;
15;SÃO JOSÉ DO RIO PRETO;30;JALES;35154;FERNANDÓPOLIS;352070 Indiaporã;207;189;5;62;55;2;25;20;0;294;264;7;
9;MARÍLIA;19;MARILIA;35091;ADAMANTINA ;352080 Inúbia Paulista;9;2;0;10;2;0;34;15;0;53;19;0;
9;MARÍLIA;13;ASSIS;35094;OURINHOS;352090 Ipaussu;25;5;6;232;116;1;673;260;0;930;381;7;
16;SOROCABA;31;SOROCABA;35163;SOROCABA;352100 Iperó;83;19;2;231;33;5;308;50;14;622;102;21;
10;PIRACICABA;20;PIRACICABA;35104;RIO CLARO;352110 Ipeúna;42;14;1;20;13;0;14;3;1;76;30;2;
15;SÃO JOSÉ DO RIO PRETO;29;SAO JOSE DO RIO PRETO;35155;SÃO JOSÉ DO RIO PRETO;352115 Ipiguá;122;42;1;86;44;1;206;92;14;414;178;16;
12;REGISTRO;23;REGISTRO;35121;VALE DO RIBEIRA;352120 Iporanga;0;0;0;3;1;0;0;0;0;3;1;0;
8;FRANCA;18;FRANCA;35082;ALTA ANHANGUERA;352130 Ipuã;257;51;1;340;70;0;288;89;1;885;210;2;
10;PIRACICABA;20;PIRACICABA;35102;LIMEIRA;352140 Iracemápolis;85;15;0;279;73;1;385;200;2;749;288;3;
15;SÃO JOSÉ DO RIO PRETO;29;SAO JOSE DO RIO PRETO;35151;CATANDUVA;352150 Irapuã;91;83;0;159;94;0;155;33;0;405;210;0;
11;PRESIDENTE PRUDENTE;22;PRESIDENTE VENCESLAU;35111;ALTA PAULISTA;352160 Irapuru;49;15;0;43;6;0;46;2;0;138;23;0;
16;SOROCABA;32;ITAPEVA;35162;ITAPEVA;352170 Itaberá;32;5;1;56;12;1;88;15;1;176;32;3;
6;BAURU;16;BOTUCATU;35061;VALE DO JURUMIRIM;352180 Itaí;90;12;2;140;19;0;185;56;1;415;87;3;
15;SÃO JOSÉ DO RIO PRETO;29;SAO JOSE DO RIO PRETO;35151;CATANDUVA;352190 Itajobi;220;107;2;314;158;4;405;215;2;939;480;8;
6;BAURU;15;BAURU;35064;JAU;352200 Itaju;8;8;0;23;13;0;95;57;0;126;78;0;
4;BAIXADA SANTISTA;25;SANTOS;35041;BAIXADA SANTISTA;352210 Itanhaém;61;26;0;188;104;1;318;126;0;567;256;1;
16;SOROCABA;32;ITAPEVA;35162;ITAPEVA;352215 Itaóca;0;0;0;1;0;0;1;0;1;2;0;1;
1;GRANDE SÃO PAULO;10;OSASCO;35013;MANANCIAIS;352220 Itapecerica da Serra;97;11;0;263;45;0;491;150;0;851;206;0;
16;SOROCABA;31;SOROCABA;35161;ITAPETININGA;352230 Itapetininga;427;21;1;527;23;0;338;140;1;1.292;184;2;
16;SOROCABA;32;ITAPEVA;35162;ITAPEVA;352240 Itapeva;228;25;0;377;55;0;454;88;0;1.059;168;0;
1;GRANDE SÃO PAULO;10;OSASCO;35014;ROTA DOS BANDEIRANTES;352250 Itapevi;104;46;1;513;195;1;994;360;0;1.611;601;2;
14;SÃO JOÃO DA BOA VISTA;26;SAO JOAO DA BOA VISTA;35141;BAIXA MOGIANA;352260 Itapira;212;65;3;272;110;1;273;193;2;757;368;6;
16;SOROCABA;32;ITAPEVA;35162;ITAPEVA;352265 Itapirapuã Paulista;0;0;0;1;0;1;19;13;1;20;13;2;
3;ARARAQUARA;12;ARARAQUARA;35033;NOROESTE DRS III;352270 Itápolis;233;91;4;367;157;4;587;248;1;1.187;496;9;
6;BAURU;16;BOTUCATU;35061;VALE DO JURUMIRIM;352280 Itaporanga;14;1;1;36;6;1;97;43;13;147;50;15;
6;BAURU;15;BAURU;35064;JAU;352290 Itapuí;28;6;0;129;38;2;221;65;0;378;109;2;
2;ARAÇATUBA;11;ARACATUBA;35022;LAGOS DO DRS II;352300 Itapura;6;2;0;30;10;0;17;4;0;53;16;0;
1;GRANDE SÃO PAULO;8;MOGI DAS CRUZES;35011;ALTO DO TIETÊ;352310 Itaquaquecetuba;119;20;0;278;36;1;313;43;1;710;99;2;
16;SOROCABA;32;ITAPEVA;35162;ITAPEVA;352320 Itararé;14;9;0;31;25;0;85;64;1;130;98;1;
12;REGISTRO;23;REGISTRO;35121;VALE DO RIBEIRA;352330 Itariri;0;0;0;6;3;0;36;19;0;42;22;0;
7;CAMPINAS;17;CAMPINAS;35072;REG METRO CAMPINAS;352340 Itatiba;59;8;1;117;17;0;203;82;0;379;107;1;
6;BAURU;16;BOTUCATU;35063;POLO CUESTA;352350 Itatinga;52;17;3;69;19;6;159;70;9;280;106;18;
10;PIRACICABA;20;PIRACICABA;35104;RIO CLARO;352360 Itirapina;16;3;1;74;21;0;222;75;1;312;99;2;
8;FRANCA;18;FRANCA;35081;TRÊS COLINAS;352370 Itirapuã;10;5;0;23;13;2;77;32;8;110;50;10;
14;SÃO JOÃO DA BOA VISTA;26;SAO JOAO DA BOA VISTA;35143;RIO PARDO;352380 Itobi;47;4;0;70;24;0;136;75;0;253;103;0;
16;SOROCABA;31;SOROCABA;35163;SOROCABA;352390 Itu;731;225;1;2.074;759;0;6.501;2.244;1;9.306;3.228;2;
7;CAMPINAS;17;CAMPINAS;35073;JUNDIAÍ;352400 Itupeva;43;14;0;101;51;1;324;173;0;468;238;1;
8;FRANCA;18;FRANCA;35083;ALTA MOGIANA;352410 Ituverava;30;15;0;64;28;0;100;58;0;194;101;0;
5;BARRETOS;14;BARRETOS;35051;NORTE-BARRETOS;352420 Jaborandi;12;1;0;9;2;0;5;2;0;26;5;0;
13;RIBEIRÃO PRETO;24;RIBEIRAO PRETO;35131;HORIZONTE VERDE;352430 Jaboticabal;1.070;922;2;1.020;747;1;802;633;0;2.892;2.302;3;
17;TAUBATÉ;27;SAO JOSE DOS CAMPOS;35171;ALTO VALE DO PARAÍBA;352440 Jacareí;915;243;8;1.879;569;54;2.218;610;58;5.012;1.422;120;
15;SÃO JOSÉ DO RIO PRETO;29;SAO JOSE DO RIO PRETO;35156;JOSÉ BONIFÁCIO;352450 Jaci;147;82;0;163;59;0;163;47;0;473;188;0;
12;REGISTRO;23;REGISTRO;35121;VALE DO RIBEIRA;352460 Jacupiranga;0;0;0;13;1;0;53;3;0;66;4;0;
7;CAMPINAS;17;CAMPINAS;35072;REG METRO CAMPINAS;352470 Jaguariúna;803;551;11;2.035;1.620;42;3.209;2.759;14;6.047;4.930;67;
15;SÃO JOSÉ DO RIO PRETO;30;JALES;35153;JALES;352480 Jales;1.443;805;3;1.542;678;3;1.283;347;5;4.268;1.830;11;
17;TAUBATÉ;27;SAO JOSE DOS CAMPOS;35171;ALTO VALE DO PARAÍBA;352490 Jambeiro;12;4;0;31;9;1;34;6;0;77;19;1;
1;GRANDE SÃO PAULO;10;OSASCO;35014;ROTA DOS BANDEIRANTES;352500 Jandira;71;8;2;189;29;0;423;82;0;683;119;2;
13;RIBEIRÃO PRETO;24;RIBEIRAO PRETO;35132;AQUÍFERO GUARANI;352510 Jardinópolis;64;25;2;53;25;0;51;37;0;168;87;2;
7;CAMPINAS;17;CAMPINAS;35073;JUNDIAÍ;352520 Jarinu;42;14;4;123;26;0;298;74;1;463;114;5;
6;BAURU;15;BAURU;35064;JAU;352530 Jaú;158;25;0;509;144;0;1.744;376;2;2.411;545;2;
8;FRANCA;18;FRANCA;35081;TRÊS COLINAS;352540 Jeriquara;1;0;0;5;3;0;4;3;0;10;6;0;
7;CAMPINAS;17;CAMPINAS;35071;BRAGANÇA;352550 Joanópolis;47;3;0;105;6;0;86;8;0;238;17;0;
11;PRESIDENTE PRUDENTE;21;PRESIDENTE PRUDENTE;35113;ALTO CAPIVARI;352560 João Ramalho;37;15;2;125;41;0;219;96;1;381;152;3;
15;SÃO JOSÉ DO RIO PRETO;29;SAO JOSE DO RIO PRETO;35156;JOSÉ BONIFÁCIO;352570 José Bonifácio;1.392;931;11;458;308;10;180;129;1;2.030;1.368;22;
9;MARÍLIA;19;MARILIA;35093;MARÍLIA;352580 Júlio Mesquita;103;62;0;58;53;2;74;68;0;235;183;2;
16;SOROCABA;31;SOROCABA;35163;SOROCABA;352585 Jumirim;7;2;2;13;2;2;26;0;8;46;4;12;
7;CAMPINAS;17;CAMPINAS;35073;JUNDIAÍ;352590 Jundiaí;565;171;23;928;410;16;2.282;1.585;83;3.775;2.166;122;
11;PRESIDENTE PRUDENTE;22;PRESIDENTE VENCESLAU;35111;ALTA PAULISTA;352600 Junqueirópolis;40;27;1;64;43;3;102;87;0;206;157;4;
12;REGISTRO;23;REGISTRO;35121;VALE DO RIBEIRA;352610 Juquiá;11;0;0;168;13;0;334;2;0;513;15;0;
1;GRANDE SÃO PAULO;10;OSASCO;35013;MANANCIAIS;352620 Juquitiba;8;1;0;57;10;0;70;13;0;135;24;0;
17;TAUBATÉ;33;TAUBATE;35174;V. PARAÍBA-REG. SERRANA;352630 Lagoinha;26;0;0;42;2;0;40;1;2;108;3;2;
6;BAURU;16;BOTUCATU;35063;POLO CUESTA;352640 Laranjal Paulista;139;137;0;172;163;0;283;269;1;594;569;1;
2;ARAÇATUBA;11;ARACATUBA;35022;LAGOS DO DRS II;352650 Lavínia;101;47;0;102;19;0;92;38;0;295;104;0;
17;TAUBATÉ;33;TAUBATE;35172;CIRCUITO DA FÉ - VALE HISTÓRICO;352660 Lavrinhas;8;1;0;10;0;0;12;0;0;30;1;0;
10;PIRACICABA;20;PIRACICABA;35101;ARARAS;352670 Leme;1.458;810;0;2.248;1.182;0;1.013;564;0;4.719;2.556;0;
6;BAURU;15;BAURU;35062;BAURU;352680 Lençóis Paulista;131;40;3;372;101;6;760;394;8;1.263;535;17;
10;PIRACICABA;20;PIRACICABA;35102;LIMEIRA;352690 Limeira;923;155;3;3.144;429;0;1.397;447;2;5.464;1.031;5;
7;CAMPINAS;17;CAMPINAS;35074;CIRCUITO DAS AGUAS;352700 Lindóia;14;0;1;19;0;5;67;5;7;100;5;13;
6;BAURU;15;BAURU;35065;LINS;352710 Lins;1.338;577;1;1.455;321;0;1.024;246;1;3.817;1.144;2;
17;TAUBATÉ;33;TAUBATE;35172;CIRCUITO DA FÉ - VALE HISTÓRICO;352720 Lorena;69;5;0;98;7;0;96;13;1;263;25;1;
2;ARAÇATUBA;11;ARACATUBA;35023;CONSÓRCIOS DO DRS II;352725 Lourdes;101;28;1;42;6;0;29;15;0;172;49;1;
7;CAMPINAS;17;CAMPINAS;35073;JUNDIAÍ;352730 Louveira;70;22;1;114;27;0;116;72;0;300;121;1;
9;MARÍLIA;19;MARILIA;35091;ADAMANTINA ;352740 Lucélia;29;7;0;61;6;0;79;21;2;169;34;2;
6;BAURU;15;BAURU;35062;BAURU;352750 Lucianópolis;4;4;0;6;6;0;45;16;2;55;26;2;
13;RIBEIRÃO PRETO;24;RIBEIRAO PRETO;35132;AQUÍFERO GUARANI;352760 Luís Antônio;53;17;12;106;62;27;204;98;75;363;177;114;
2;ARAÇATUBA;11;ARACATUBA;35023;CONSÓRCIOS DO DRS II;352770 Luiziânia;9;9;0;15;11;0;52;51;0;76;71;0;
9;MARÍLIA;19;MARILIA;35093;MARÍLIA;352780 Lupércio;22;5;0;11;7;0;15;14;0;48;26;0;
9;MARÍLIA;13;ASSIS;35092;ASSIS;352790 Lutécia;19;5;1;23;7;1;64;26;1;106;38;3;
6;BAURU;15;BAURU;35062;BAURU;352800 Macatuba;16;9;0;122;87;3;209;192;15;347;288;18;
15;SÃO JOSÉ DO RIO PRETO;29;SAO JOSE DO RIO PRETO;35157;VOTUPORANGA;352810 Macaubal;231;105;1;211;102;0;79;29;0;521;236;1;
15;SÃO JOSÉ DO RIO PRETO;30;JALES;35154;FERNANDÓPOLIS;352820 Macedônia;62;57;2;32;25;2;17;13;1;111;95;5;
15;SÃO JOSÉ DO RIO PRETO;29;SAO JOSE DO RIO PRETO;35157;VOTUPORANGA;352830 Magda;60;24;0;63;24;0;104;11;0;227;59;0;
16;SOROCABA;31;SOROCABA;35163;SOROCABA;352840 Mairinque;45;17;0;189;79;1;642;283;0;876;379;1;
1;GRANDE SÃO PAULO;9;FRANCO DA ROCHA;35012;FRANCO DA ROCHA;352850 Mairiporã;132;5;4;299;7;5;297;29;3;728;41;12;
6;BAURU;16;BOTUCATU;35061;VALE DO JURUMIRIM;352860 Manduri;6;2;1;21;2;2;33;9;1;60;13;4;
11;PRESIDENTE PRUDENTE;22;PRESIDENTE VENCESLAU;35114;EXTREMO OESTE PAULISTA;352870 Marabá Paulista;3;0;0;4;1;0;16;3;0;23;4;0;
9;MARÍLIA;13;ASSIS;35092;ASSIS;352880 Maracaí;12;5;3;21;9;1;80;33;3;113;47;7;
15;SÃO JOSÉ DO RIO PRETO;29;SAO JOSE DO RIO PRETO;35151;CATANDUVA;352885 Marapoama;42;13;4;56;13;2;50;14;0;148;40;6;
9;MARÍLIA;19;MARILIA;35091;ADAMANTINA ;352890 Mariápolis;11;2;0;28;6;0;52;16;0;91;24;0;
9;MARÍLIA;19;MARILIA;35093;MARÍLIA;352900 Marília;2.871;1.453;17;6.633;2.230;18;9.268;2.748;17;18.772;6.431;52;
15;SÃO JOSÉ DO RIO PRETO;30;JALES;35153;JALES;352910 Marinópolis;130;64;0;80;37;0;48;25;0;258;126;0;
11;PRESIDENTE PRUDENTE;21;PRESIDENTE PRUDENTE;35112;ALTA SOROCABANA;352920 Martinópolis;178;128;0;274;218;1;346;343;0;798;689;1;
3;ARARAQUARA;12;ARARAQUARA;35033;NOROESTE DRS III;352930 Matão;3.241;2.088;23;3.383;2.082;11;2.408;1.207;4;9.032;5.377;38;
1;GRANDE SÃO PAULO;7;SANTO ANDRE;35015;GRANDE ABC;352940 Mauá;345;59;30;503;141;19;910;392;23;1.758;592;72;
15;SÃO JOSÉ DO RIO PRETO;29;SAO JOSE DO RIO PRETO;35156;JOSÉ BONIFÁCIO;352950 Mendonça;610;403;1;443;251;0;227;72;0;1.280;726;1;
15;SÃO JOSÉ DO RIO PRETO;30;JALES;35154;FERNANDÓPOLIS;352960 Meridiano;170;124;0;67;40;0;36;16;0;273;180;0;
15;SÃO JOSÉ DO RIO PRETO;30;JALES;35153;JALES;352965 Mesópolis;66;24;0;75;29;0;40;19;0;181;72;0;
8;FRANCA;18;FRANCA;35083;ALTA MOGIANA;352970 Miguelópolis;17;9;0;26;14;0;35;14;0;78;37;0;
6;BAURU;15;BAURU;35064;JAU;352980 Mineiros do Tietê;10;1;1;58;11;3;76;16;0;144;28;4;
12;REGISTRO;23;REGISTRO;35121;VALE DO RIBEIRA;352990 Miracatu;2;0;0;10;2;0;46;0;0;58;2;0;
15;SÃO JOSÉ DO RIO PRETO;30;JALES;35154;FERNANDÓPOLIS;353000 Mira Estrela;153;70;2;21;5;0;13;1;0;187;76;2;
2;ARAÇATUBA;11;ARACATUBA;35022;LAGOS DO DRS II;353010 Mirandópolis;516;164;0;667;96;0;701;12;0;1.884;272;0;
11;PRESIDENTE PRUDENTE;22;PRESIDENTE VENCESLAU;35115;PONTAL DO PARANAPANEMA;353020 Mirante do Paranapanema;90;17;0;337;50;0;211;83;0;638;150;0;
15;SÃO JOSÉ DO RIO PRETO;29;SAO JOSE DO RIO PRETO;35155;SÃO JOSÉ DO RIO PRETO;353030 Mirassol;1.356;833;4;1.003;702;5;724;510;1;3.083;2.045;10;
15;SÃO JOSÉ DO RIO PRETO;29;SAO JOSE DO RIO PRETO;35155;SÃO JOSÉ DO RIO PRETO;353040 Mirassolândia;148;52;0;140;100;1;130;107;1;418;259;2;
14;SÃO JOÃO DA BOA VISTA;26;SAO JOAO DA BOA VISTA;35143;RIO PARDO;353050 Mococa;45;10;0;93;28;0;70;13;3;208;51;3;
1;GRANDE SÃO PAULO;8;MOGI DAS CRUZES;35011;ALTO DO TIETÊ;353060 Mogi das Cruzes;153;18;1;392;25;0;521;53;7;1.066;96;8;
14;SÃO JOÃO DA BOA VISTA;26;SAO JOAO DA BOA VISTA;35141;BAIXA MOGIANA;353070 Mogi Guaçu;9.254;8.608;32;3.684;3.595;49;1.270;1.212;25;14.208;13.415;106;
14;SÃO JOÃO DA BOA VISTA;26;SAO JOAO DA BOA VISTA;35141;BAIXA MOGIANA;353080 Mogi Mirim;2.578;2.382;84;2.914;2.237;613;1.867;1.698;90;7.359;6.317;787;
10;PIRACICABA;20;PIRACICABA;35103;PIRACICABA;353090 Mombuca;8;2;0;10;4;0;19;2;0;37;8;0;
15;SÃO JOSÉ DO RIO PRETO;29;SAO JOSE DO RIO PRETO;35157;VOTUPORANGA;353100 Monções;86;69;0;35;29;0;24;13;0;145;111;0;
4;BAIXADA SANTISTA;25;SANTOS;35041;BAIXADA SANTISTA;353110 Mongaguá;31;3;0;36;3;0;119;19;1;186;25;1;
7;CAMPINAS;17;CAMPINAS;35074;CIRCUITO DAS AGUAS;353120 Monte Alegre do Sul;45;17;0;55;26;0;123;36;0;223;79;0;
13;RIBEIRÃO PRETO;24;RIBEIRAO PRETO;35131;HORIZONTE VERDE;353130 Monte Alto;274;110;2;418;153;2;605;329;5;1.297;592;9;
15;SÃO JOSÉ DO RIO PRETO;29;SAO JOSE DO RIO PRETO;35156;JOSÉ BONIFÁCIO;353140 Monte Aprazível;298;91;3;333;167;0;369;222;2;1.000;480;5;
5;BARRETOS;14;BARRETOS;35052;SUL-BARRETOS;353150 Monte Azul Paulista;54;19;0;59;10;1;67;10;0;180;39;1;
11;PRESIDENTE PRUDENTE;22;PRESIDENTE VENCESLAU;35111;ALTA PAULISTA;353160 Monte Castelo;15;1;0;36;4;0;25;3;2;76;8;2;
17;TAUBATÉ;27;SAO JOSE DOS CAMPOS;35171;ALTO VALE DO PARAÍBA;353170 Monteiro Lobato;4;0;0;2;0;1;2;1;0;8;1;1;
7;CAMPINAS;17;CAMPINAS;35072;REG METRO CAMPINAS;353180 Monte Mor;86;54;1;278;167;2;552;288;2;916;509;5;
8;FRANCA;18;FRANCA;35082;ALTA ANHANGUERA;353190 Morro Agudo;415;254;0;634;533;70;158;111;25;1.207;898;95;
7;CAMPINAS;17;CAMPINAS;35072;REG METRO CAMPINAS;353200 Morungaba;24;8;0;103;23;1;276;138;0;403;169;1;
3;ARARAQUARA;12;ARARAQUARA;35031;CENTRAL DO DRS III;353205 Motuca;28;9;0;87;24;0;67;10;0;182;43;0;
2;ARAÇATUBA;11;ARACATUBA;35022;LAGOS DO DRS II;353210 Murutinga do Sul;13;9;0;16;10;0;46;29;0;75;48;0;
11;PRESIDENTE PRUDENTE;21;PRESIDENTE PRUDENTE;35113;ALTO CAPIVARI;353215 Nantes;9;0;3;18;2;4;124;51;2;151;53;9;
11;PRESIDENTE PRUDENTE;21;PRESIDENTE PRUDENTE;35112;ALTA SOROCABANA;353220 Narandiba;23;2;3;52;8;1;122;27;2;197;37;6;
17;TAUBATÉ;33;TAUBATE;35174;V. PARAÍBA-REG. SERRANA;353230 Natividade da Serra;4;0;0;8;2;0;10;0;0;22;2;0;
7;CAMPINAS;17;CAMPINAS;35071;BRAGANÇA;353240 Nazaré Paulista;8;0;0;29;2;0;14;3;0;51;5;0;
15;SÃO JOSÉ DO RIO PRETO;29;SAO JOSE DO RIO PRETO;35155;SÃO JOSÉ DO RIO PRETO;353250 Neves Paulista;303;233;8;120;96;0;82;65;4;505;394;12;
15;SÃO JOSÉ DO RIO PRETO;29;SAO JOSE DO RIO PRETO;35157;VOTUPORANGA;353260 Nhandeara;180;85;1;171;98;4;216;167;1;567;350;6;
15;SÃO JOSÉ DO RIO PRETO;29;SAO JOSE DO RIO PRETO;35156;JOSÉ BONIFÁCIO;353270 Nipoã;136;46;0;147;44;0;96;46;0;379;136;0;
15;SÃO JOSÉ DO RIO PRETO;29;SAO JOSE DO RIO PRETO;35155;SÃO JOSÉ DO RIO PRETO;353280 Nova Aliança;355;185;11;142;61;0;60;29;0;557;275;11;
16;SOROCABA;32;ITAPEVA;35162;ITAPEVA;353282 Nova Campina;4;0;1;8;1;0;6;1;1;18;2;2;
15;SÃO JOSÉ DO RIO PRETO;30;JALES;35152;SANTA FÉ DO SUL;353284 Nova Canaã Paulista;233;123;1;84;37;0;27;6;0;344;166;1;
2;ARAÇATUBA;11;ARACATUBA;35021;CENTRAL DO DRS II;353286 Nova Castilho;14;6;0;27;26;0;12;12;0;53;44;0;
3;ARARAQUARA;12;ARARAQUARA;35033;NOROESTE DRS III;353290 Nova Europa;34;7;3;86;18;12;98;55;1;218;80;16;
15;SÃO JOSÉ DO RIO PRETO;29;SAO JOSE DO RIO PRETO;35155;SÃO JOSÉ DO RIO PRETO;353300 Nova Granada;184;93;1;296;162;2;519;297;10;999;552;13;
11;PRESIDENTE PRUDENTE;22;PRESIDENTE VENCESLAU;35111;ALTA PAULISTA;353310 Nova Guataporanga;2;1;0;8;2;0;7;0;0;17;3;0;
2;ARAÇATUBA;11;ARACATUBA;35022;LAGOS DO DRS II;353320 Nova Independência;34;6;0;51;16;0;94;32;0;179;54;0;
15;SÃO JOSÉ DO RIO PRETO;29;SAO JOSE DO RIO PRETO;35151;CATANDUVA;353325 Novais;27;4;0;19;6;0;27;13;0;73;23;0;
2;ARAÇATUBA;11;ARACATUBA;35021;CENTRAL DO DRS II;353330 Nova Luzitânia;120;108;0;66;35;0;11;4;0;197;147;0;
7;CAMPINAS;17;CAMPINAS;35072;REG METRO CAMPINAS;353340 Nova Odessa;134;81;2;223;106;1;321;227;1;678;414;4;
15;SÃO JOSÉ DO RIO PRETO;29;SAO JOSE DO RIO PRETO;35151;CATANDUVA;353350 Novo Horizonte;1.825;798;6;1.793;873;4;1.122;518;1;4.740;2.189;11;
8;FRANCA;18;FRANCA;35082;ALTA ANHANGUERA;353360 Nuporanga;210;116;0;301;116;0;238;75;0;749;307;0;
9;MARÍLIA;19;MARILIA;35093;MARÍLIA;353370 Ocauçu;47;21;0;141;49;0;288;127;0;476;197;0;
9;MARÍLIA;13;ASSIS;35094;OURINHOS;353380 Óleo;13;6;0;4;1;0;2;0;0;19;7;0;
5;BARRETOS;14;BARRETOS;35051;NORTE-BARRETOS;353390 Olímpia;412;111;6;581;214;3;689;300;2;1.682;625;11;
15;SÃO JOSÉ DO RIO PRETO;29;SAO JOSE DO RIO PRETO;35155;SÃO JOSÉ DO RIO PRETO;353400 Onda Verde;77;54;1;117;105;0;111;100;0;305;259;1;
9;MARÍLIA;19;MARILIA;35093;MARÍLIA;353410 Oriente;36;21;0;34;23;0;12;7;1;82;51;1;
15;SÃO JOSÉ DO RIO PRETO;29;SAO JOSE DO RIO PRETO;35155;SÃO JOSÉ DO RIO PRETO;353420 Orindiúva;256;132;2;486;227;2;274;118;0;1.016;477;4;
8;FRANCA;18;FRANCA;35082;ALTA ANHANGUERA;353430 Orlândia;153;38;1;341;101;1;353;106;0;847;245;2;
1;GRANDE SÃO PAULO;10;OSASCO;35014;ROTA DOS BANDEIRANTES;353440 Osasco;713;569;4;1.625;1.119;3;4.035;2.474;6;6.373;4.162;13;
9;MARÍLIA;19;MARILIA;35093;MARÍLIA;353450 Oscar Bressane;40;20;1;141;80;3;153;56;0;334;156;4;
9;MARÍLIA;19;MARILIA;35091;ADAMANTINA ;353460 Osvaldo Cruz;64;33;0;141;75;1;173;101;0;378;209;1;
9;MARÍLIA;13;ASSIS;35094;OURINHOS;353470 Ourinhos;232;134;1;1.341;861;3;3.820;1.356;4;5.393;2.351;8;
15;SÃO JOSÉ DO RIO PRETO;30;JALES;35154;FERNANDÓPOLIS;353475 Ouroeste;465;223;1;279;134;0;87;52;0;831;409;1;
11;PRESIDENTE PRUDENTE;22;PRESIDENTE VENCESLAU;35111;ALTA PAULISTA;353480 Ouro Verde;5;3;0;16;3;0;9;0;0;30;6;0;
9;MARÍLIA;19;MARILIA;35091;ADAMANTINA ;353490 Pacaembu;46;30;0;108;68;0;163;97;0;317;195;0;
15;SÃO JOSÉ DO RIO PRETO;29;SAO JOSE DO RIO PRETO;35155;SÃO JOSÉ DO RIO PRETO;353500 Palestina;435;192;0;267;121;2;152;43;0;854;356;2;
15;SÃO JOSÉ DO RIO PRETO;29;SAO JOSE DO RIO PRETO;35151;CATANDUVA;353510 Palmares Paulista;70;23;1;113;51;0;143;28;0;326;102;1;
15;SÃO JOSÉ DO RIO PRETO;30;JALES;35153;JALES;353520 Palmeira d'Oeste;495;394;0;179;134;0;85;47;1;759;575;1;
9;MARÍLIA;13;ASSIS;35092;ASSIS;353530 Palmital;96;62;2;325;242;0;661;604;0;1.082;908;2;
11;PRESIDENTE PRUDENTE;22;PRESIDENTE VENCESLAU;35111;ALTA PAULISTA;353540 Panorama;110;31;0;203;19;0;101;8;0;414;58;0;
9;MARÍLIA;13;ASSIS;35092;ASSIS;353550 Paraguaçu Paulista;179;58;0;218;45;0;300;46;0;697;149;0;
17;TAUBATÉ;27;SAO JOSE DOS CAMPOS;35171;ALTO VALE DO PARAÍBA;353560 Paraibuna;173;35;2;175;18;0;294;38;1;642;91;3;
15;SÃO JOSÉ DO RIO PRETO;29;SAO JOSE DO RIO PRETO;35151;CATANDUVA;353570 Paraíso;55;8;8;127;43;2;110;19;0;292;70;10;
6;BAURU;16;BOTUCATU;35061;VALE DO JURUMIRIM;353580 Paranapanema;22;4;0;142;40;1;242;95;2;406;139;3;
15;SÃO JOSÉ DO RIO PRETO;30;JALES;35153;JALES;353590 Paranapuã;127;96;0;98;68;0;144;102;0;369;266;0;
9;MARÍLIA;19;MARILIA;35095;TUPÃ;353600 Parapuã;90;15;1;148;28;0;103;23;1;341;66;2;
6;BAURU;16;BOTUCATU;35063;POLO CUESTA;353610 Pardinho;1;1;0;4;2;1;2;0;0;7;3;1;
12;REGISTRO;23;REGISTRO;35121;VALE DO RIBEIRA;353620 PariqueraÁAçu;8;1;0;9;1;0;13;2;0;30;4;0;
15;SÃO JOSÉ DO RIO PRETO;29;SAO JOSE DO RIO PRETO;35157;VOTUPORANGA;353625 Parisi;43;12;0;65;15;0;56;19;0;164;46;0;
8;FRANCA;18;FRANCA;35081;TRÊS COLINAS;353630 Patrocínio Paulista;29;16;0;92;76;0;111;73;0;232;165;0;
11;PRESIDENTE PRUDENTE;22;PRESIDENTE VENCESLAU;35111;ALTA PAULISTA;353640 Paulicéia;16;10;0;20;10;0;15;3;0;51;23;0;
7;CAMPINAS;17;CAMPINAS;35072;REG METRO CAMPINAS;353650 Paulínia;233;148;13;606;452;7;1.471;1.185;9;2.310;1.785;29;
6;BAURU;15;BAURU;35062;BAURU;353657 Paulistânia;77;61;0;64;54;1;6;2;0;147;117;1;
15;SÃO JOSÉ DO RIO PRETO;29;SAO JOSE DO RIO PRETO;35155;SÃO JOSÉ DO RIO PRETO;353660 Paulo de Faria;128;58;1;207;112;1;264;98;2;599;268;4;
6;BAURU;15;BAURU;35062;BAURU;353670 Pederneiras;102;32;1;243;83;0;613;203;1;958;318;2;
7;CAMPINAS;17;CAMPINAS;35071;BRAGANÇA;353680 Pedra Bela;9;0;0;9;0;0;1;1;0;19;1;0;
15;SÃO JOSÉ DO RIO PRETO;30;JALES;35154;FERNANDÓPOLIS;353690 Pedranópolis;79;24;0;51;8;1;34;5;0;164;37;1;
8;FRANCA;18;FRANCA;35081;TRÊS COLINAS;353700 Pedregulho;37;7;0;55;5;0;65;21;0;157;33;0;
7;CAMPINAS;17;CAMPINAS;35072;REG METRO CAMPINAS;353710 Pedreira;156;101;2;317;168;1;182;93;1;655;362;4;
9;MARÍLIA;13;ASSIS;35092;ASSIS;353715 Pedrinhas Paulista;15;7;0;68;30;0;75;38;0;158;75;0;
12;REGISTRO;23;REGISTRO;35121;VALE DO RIBEIRA;353720 Pedro de Toledo;1;0;0;11;0;0;16;2;0;28;2;0;
2;ARAÇATUBA;11;ARACATUBA;35023;CONSÓRCIOS DO DRS II;353730 Penápolis;1.162;890;9;1.954;1.626;94;1.400;368;11;4.516;2.884;114;
2;ARAÇATUBA;11;ARACATUBA;35022;LAGOS DO DRS II;353740 Pereira Barreto;339;223;4;202;119;1;174;77;1;715;419;6;
6;BAURU;16;BOTUCATU;35063;POLO CUESTA;353750 Pereiras;6;4;1;35;24;7;78;59;9;119;87;17;
4;BAIXADA SANTISTA;25;SANTOS;35041;BAIXADA SANTISTA;353760 Peruíbe;122;13;0;390;53;0;509;65;0;1.021;131;0;
2;ARAÇATUBA;11;ARACATUBA;35023;CONSÓRCIOS DO DRS II;353770 Piacatu;84;26;0;143;36;0;184;126;0;411;188;0;
16;SOROCABA;31;SOROCABA;35163;SOROCABA;353780 Piedade;13;5;0;63;30;0;164;73;8;240;108;8;
16;SOROCABA;31;SOROCABA;35163;SOROCABA;353790 Pilar do Sul;6;0;1;13;9;0;118;113;0;137;122;1;
17;TAUBATÉ;33;TAUBATE;35174;V. PARAÍBA-REG. SERRANA;353800 Pindamonhangaba;47;24;1;83;67;1;205;164;1;335;255;3;
15;SÃO JOSÉ DO RIO PRETO;29;SAO JOSE DO RIO PRETO;35151;CATANDUVA;353810 Pindorama;114;43;0;214;60;0;285;68;0;613;171;0;
7;CAMPINAS;17;CAMPINAS;35071;BRAGANÇA;353820 Pinhalzinho;4;1;0;15;2;1;45;6;0;64;9;1;
11;PRESIDENTE PRUDENTE;22;PRESIDENTE VENCESLAU;35114;EXTREMO OESTE PAULISTA;353830 Piquerobi;11;1;0;40;7;0;66;4;0;117;12;0;
17;TAUBATÉ;33;TAUBATE;35172;CIRCUITO DA FÉ - VALE HISTÓRICO;353850 Piquete;25;1;0;11;0;0;28;1;0;64;2;0;
7;CAMPINAS;17;CAMPINAS;35071;BRAGANÇA;353860 Piracaia;14;2;0;78;19;0;62;0;0;154;21;0;
10;PIRACICABA;20;PIRACICABA;35103;PIRACICABA;353870 Piracicaba;1.740;161;1;2.809;439;1;4.448;1.437;2;8.997;2.037;4;
6;BAURU;16;BOTUCATU;35061;VALE DO JURUMIRIM;353880 Piraju;31;16;0;124;72;0;303;117;0;458;205;0;
6;BAURU;15;BAURU;35062;BAURU;353890 Pirajuí;16;4;0;58;39;1;73;49;0;147;92;1;
15;SÃO JOSÉ DO RIO PRETO;29;SAO JOSE DO RIO PRETO;35151;CATANDUVA;353900 Pirangi;318;231;1;159;108;0;103;16;0;580;355;1;
1;GRANDE SÃO PAULO;10;OSASCO;35014;ROTA DOS BANDEIRANTES;353910 Pirapora do Bom Jesus;13;1;0;39;13;0;111;17;0;163;31;0;
11;PRESIDENTE PRUDENTE;21;PRESIDENTE PRUDENTE;35112;ALTA SOROCABANA;353920 Pirapozinho;136;32;7;203;139;2;301;265;2;640;436;11;
10;PIRACICABA;20;PIRACICABA;35101;ARARAS;353930 Pirassununga;311;185;2;743;359;1;1.834;969;3;2.888;1.513;6;
6;BAURU;15;BAURU;35062;BAURU;353940 Piratininga;178;105;2;205;80;1;250;58;1;633;243;4;
13;RIBEIRÃO PRETO;24;RIBEIRAO PRETO;35131;HORIZONTE VERDE;353950 Pitangueiras;212;55;0;482;107;0;730;246;3;1.424;408;3;
15;SÃO JOSÉ DO RIO PRETO;29;SAO JOSE DO RIO PRETO;35156;JOSÉ BONIFÁCIO;353960 Planalto;161;66;0;260;77;0;134;39;0;555;182;0;
9;MARÍLIA;13;ASSIS;35092;ASSIS;353970 Platina;21;7;1;48;11;1;89;45;3;158;63;5;
1;GRANDE SÃO PAULO;8;MOGI DAS CRUZES;35011;ALTO DO TIETÊ;353980 Poá;74;6;0;158;17;0;315;47;0;547;70;0;
15;SÃO JOSÉ DO RIO PRETO;29;SAO JOSE DO RIO PRETO;35156;JOSÉ BONIFÁCIO;353990 Poloni;57;8;10;59;11;8;36;6;2;152;25;20;
9;MARÍLIA;19;MARILIA;35093;MARÍLIA;354000 Pompéia;104;100;0;295;275;2;395;373;2;794;748;4;
6;BAURU;15;BAURU;35065;LINS;354010 Pongaí;0;0;0;0;0;0;4;1;0;4;1;0;
13;RIBEIRÃO PRETO;24;RIBEIRAO PRETO;35131;HORIZONTE VERDE;354020 Pontal;1.167;661;1;935;544;6;593;391;1;2.695;1.596;8;
15;SÃO JOSÉ DO RIO PRETO;30;JALES;35153;JALES;354025 Pontalinda;233;98;6;164;70;10;92;40;1;489;208;17;
15;SÃO JOSÉ DO RIO PRETO;29;SAO JOSE DO RIO PRETO;35157;VOTUPORANGA;354030 Pontes Gestal;76;27;0;97;37;0;70;15;0;243;79;0;
15;SÃO JOSÉ DO RIO PRETO;30;JALES;35154;FERNANDÓPOLIS;354040 Populina;111;89;0;50;45;0;26;23;0;187;157;0;
6;BAURU;16;BOTUCATU;35063;POLO CUESTA;354050 Porangaba;19;1;2;75;13;5;143;59;2;237;73;9;
16;SOROCABA;31;SOROCABA;35163;SOROCABA;354060 Porto Feliz;100;16;0;242;27;1;442;57;0;784;100;1;
3;ARARAQUARA;12;ARARAQUARA;35032;CORAÇÃO DO DRS III;354070 Porto Ferreira;2.080;1.301;7;1.800;1.155;10;1.107;610;6;4.987;3.066;23;
17;TAUBATÉ;33;TAUBATE;35172;CIRCUITO DA FÉ - VALE HISTÓRICO;354075 Potim;67;36;1;82;39;0;77;32;0;226;107;1;
15;SÃO JOSÉ DO RIO PRETO;29;SAO JOSE DO RIO PRETO;35155;SÃO JOSÉ DO RIO PRETO;354080 Potirendaba;1.109;516;3;439;213;3;159;44;0;1.707;773;6;
9;MARÍLIA;19;MARILIA;35091;ADAMANTINA ;354085 Pracinha;8;0;0;12;1;0;27;17;0;47;18;0;
13;RIBEIRÃO PRETO;24;RIBEIRAO PRETO;35131;HORIZONTE VERDE;354090 Pradópolis;64;48;0;108;53;1;176;76;1;348;177;2;
4;BAIXADA SANTISTA;25;SANTOS;35041;BAIXADA SANTISTA;354100 Praia Grande;79;25;0;205;103;0;247;160;0;531;288;0;
6;BAURU;16;BOTUCATU;35063;POLO CUESTA;354105 Pratânia;23;0;0;25;0;0;26;3;0;74;3;0;
6;BAURU;15;BAURU;35062;BAURU;354110 Presidente Alves;10;0;0;16;2;0;43;4;4;69;6;4;
11;PRESIDENTE PRUDENTE;21;PRESIDENTE PRUDENTE;35112;ALTA SOROCABANA;354120 Presidente Bernardes;147;83;1;204;139;0;209;139;1;560;361;2;
11;PRESIDENTE PRUDENTE;22;PRESIDENTE VENCESLAU;35114;EXTREMO OESTE PAULISTA;354130 Presidente Epitácio;31;7;0;35;10;1;13;7;0;79;24;1;
11;PRESIDENTE PRUDENTE;21;PRESIDENTE PRUDENTE;35112;ALTA SOROCABANA;354140 Presidente Prudente;4.765;1.437;9;8.258;6.780;6;6.061;4.885;3;19.084;13.102;18;
11;PRESIDENTE PRUDENTE;22;PRESIDENTE VENCESLAU;35114;EXTREMO OESTE PAULISTA;354150 Presidente Venceslau;54;7;0;93;18;1;168;79;1;315;104;2;
6;BAURU;15;BAURU;35065;LINS;354160 Promissão;1.199;393;6;1.945;580;5;1.604;390;7;4.748;1.363;18;
16;SOROCABA;31;SOROCABA;35161;ITAPETININGA;354165 Quadra;1;0;0;3;0;2;37;7;9;41;7;11;
11;PRESIDENTE PRUDENTE;21;PRESIDENTE PRUDENTE;35113;ALTO CAPIVARI;354170 Quatá;195;118;0;487;338;3;371;301;0;1.053;757;3;
9;MARÍLIA;19;MARILIA;35095;TUPÃ;354180 Queiroz;30;4;0;62;10;0;13;1;0;105;15;0;
17;TAUBATÉ;33;TAUBATE;35172;CIRCUITO DA FÉ - VALE HISTÓRICO;354190 Queluz;2;0;0;5;0;0;24;1;3;31;1;3;
9;MARÍLIA;19;MARILIA;35093;MARÍLIA;354200 Quintana;48;9;0;144;32;0;336;126;0;528;167;0;
10;PIRACICABA;20;PIRACICABA;35103;PIRACICABA;354210 Rafard;8;1;0;12;1;0;14;6;0;34;8;0;
11;PRESIDENTE PRUDENTE;21;PRESIDENTE PRUDENTE;35113;ALTO CAPIVARI;354220 Rancharia;405;181;6;569;351;5;760;629;4;1.734;1.161;15;
17;TAUBATÉ;33;TAUBATE;35174;V. PARAÍBA-REG. SERRANA;354230 Redenção da Serra;12;1;0;4;0;0;6;0;0;22;1;0;
11;PRESIDENTE PRUDENTE;21;PRESIDENTE PRUDENTE;35112;ALTA SOROCABANA;354240 Regente Feijó;139;25;0;367;215;0;255;208;0;761;448;0;
6;BAURU;15;BAURU;35062;BAURU;354250 Reginópolis;40;5;0;63;5;2;74;11;5;177;21;7;
12;REGISTRO;23;REGISTRO;35121;VALE DO RIBEIRA;354260 Registro;23;1;0;38;4;0;110;3;0;171;8;0;
8;FRANCA;18;FRANCA;35081;TRÊS COLINAS;354270 Restinga;3;0;0;21;2;0;15;1;0;39;3;0;
16;SOROCABA;32;ITAPEVA;35162;ITAPEVA;354280 Ribeira;14;14;0;86;37;0;193;55;1;293;106;1;
3;ARARAQUARA;12;ARARAQUARA;35032;CORAÇÃO DO DRS III;354290 Ribeirão Bonito;37;9;0;35;6;0;123;60;0;195;75;0;
16;SOROCABA;32;ITAPEVA;35162;ITAPEVA;354300 Ribeirão Branco;8;1;1;28;4;1;19;2;3;55;7;5;
8;FRANCA;18;FRANCA;35081;TRÊS COLINAS;354310 Ribeirão Corrente;1;1;0;6;3;0;23;7;0;30;11;0;
9;MARÍLIA;13;ASSIS;35094;OURINHOS;354320 Ribeirão do Sul;65;41;0;136;56;1;193;65;1;394;162;2;
11;PRESIDENTE PRUDENTE;21;PRESIDENTE PRUDENTE;35112;ALTA SOROCABANA;354323 Ribeirão dos Ándios;1;0;0;4;0;1;9;0;0;14;0;1;
16;SOROCABA;31;SOROCABA;35161;ITAPETININGA;354325 Ribeirão Grande;2;0;0;3;0;0;21;0;2;26;0;2;
1;GRANDE SÃO PAULO;7;SANTO ANDRE;35015;GRANDE ABC;354330 Ribeirão Pires;62;4;3;101;9;7;112;36;18;275;49;28;
13;RIBEIRÃO PRETO;24;RIBEIRAO PRETO;35132;AQUÍFERO GUARANI;354340 Ribeirão Preto;5.558;3.543;4;8.031;5.394;2;8.642;3.142;3;22.231;12.079;9;
16;SOROCABA;32;ITAPEVA;35162;ITAPEVA;354350 Riversul;24;7;2;43;3;0;17;2;0;84;12;2;
8;FRANCA;18;FRANCA;35081;TRÊS COLINAS;354360 Rifaina;171;12;0;139;1;0;96;1;0;406;14;0;
3;ARARAQUARA;12;ARARAQUARA;35031;CENTRAL DO DRS III;354370 Rincão;38;14;0;101;29;0;247;59;0;386;102;0;
9;MARÍLIA;19;MARILIA;35095;TUPÃ;354380 Rinópolis;57;35;1;59;23;0;54;10;0;170;68;1;
10;PIRACICABA;20;PIRACICABA;35104;RIO CLARO;354390 Rio Claro;737;500;0;1.661;1.049;2;1.048;881;1;3.446;2.430;3;
10;PIRACICABA;20;PIRACICABA;35103;PIRACICABA;354400 Rio das Pedras;23;3;0;92;2;0;127;9;1;242;14;1;
1;GRANDE SÃO PAULO;7;SANTO ANDRE;35015;GRANDE ABC;354410 Rio Grande da Serra;24;2;1;42;1;0;33;1;0;99;4;1;
15;SÃO JOSÉ DO RIO PRETO;29;SAO JOSE DO RIO PRETO;35157;VOTUPORANGA;354420 Riolândia;106;59;0;184;130;0;116;71;0;406;260;0;
11;PRESIDENTE PRUDENTE;22;PRESIDENTE VENCESLAU;35115;PONTAL DO PARANAPANEMA;354425 Rosana;47;11;0;97;29;0;183;45;0;327;85;0;
17;TAUBATÉ;33;TAUBATE;35172;CIRCUITO DA FÉ - VALE HISTÓRICO;354430 Roseira;15;0;1;30;0;1;67;4;2;112;4;4;
2;ARAÇATUBA;11;ARACATUBA;35021;CENTRAL DO DRS II;354440 Rubiácea;48;45;1;60;56;0;33;28;0;141;129;1;
15;SÃO JOSÉ DO RIO PRETO;30;JALES;35152;SANTA FÉ DO SUL;354450 Rubinéia;175;68;28;51;15;9;30;2;1;256;85;38;
6;BAURU;15;BAURU;35065;LINS;354460 Sabino;31;29;0;25;25;0;32;32;0;88;86;0;
9;MARÍLIA;19;MARILIA;35091;ADAMANTINA ;354470 Sagres;3;3;0;19;15;0;32;23;0;54;41;0;
15;SÃO JOSÉ DO RIO PRETO;29;SAO JOSE DO RIO PRETO;35151;CATANDUVA;354480 Sales;28;13;0;34;14;0;12;4;0;74;31;0;
8;FRANCA;18;FRANCA;35082;ALTA ANHANGUERA;354490 Sales Oliveira;644;246;131;386;219;1;107;56;3;1.137;521;135;
1;GRANDE SÃO PAULO;8;MOGI DAS CRUZES;35011;ALTO DO TIETÊ;354500 Salesópolis;36;2;0;40;11;0;29;23;0;105;36;0;
9;MARÍLIA;19;MARILIA;35091;ADAMANTINA ;354510 Salmourão;3;0;0;36;22;0;18;6;0;57;28;0;
10;PIRACICABA;20;PIRACICABA;35103;PIRACICABA;354515 Saltinho;53;3;0;55;7;0;113;13;0;221;23;0;
16;SOROCABA;31;SOROCABA;35163;SOROCABA;354520 Salto;379;138;5;1.353;442;14;4.096;1.037;17;5.828;1.617;36;
16;SOROCABA;31;SOROCABA;35163;SOROCABA;354530 Salto de Pirapora;78;4;8;226;18;29;487;152;6;791;174;43;
9;MARÍLIA;13;ASSIS;35094;OURINHOS;354540 Salto Grande;7;4;0;45;19;0;113;80;2;165;103;2;
11;PRESIDENTE PRUDENTE;21;PRESIDENTE PRUDENTE;35112;ALTA SOROCABANA;354550 Sandovalina;14;2;0;31;14;0;32;10;1;77;26;1;
15;SÃO JOSÉ DO RIO PRETO;29;SAO JOSE DO RIO PRETO;35151;CATANDUVA;354560 Santa Adélia;280;118;8;190;67;5;203;96;6;673;281;19;
15;SÃO JOSÉ DO RIO PRETO;30;JALES;35153;JALES;354570 Santa Albertina;137;62;10;193;103;7;214;159;16;544;324;33;
7;CAMPINAS;17;CAMPINAS;35072;REG METRO CAMPINAS;354580 Santa Bárbara d'Oeste;928;585;13;3.054;1.663;10;4.533;1.194;12;8.515;3.442;35;
17;TAUBATÉ;27;SAO JOSE DOS CAMPOS;35171;ALTO VALE DO PARAÍBA;354600 Santa Branca;21;4;0;72;6;0;115;4;0;208;14;0;
15;SÃO JOSÉ DO RIO PRETO;30;JALES;35152;SANTA FÉ DO SUL;354610 Santa Clara d'Oeste;80;17;23;47;9;5;54;14;4;181;40;32;
10;PIRACICABA;20;PIRACICABA;35101;ARARAS;354620 Santa Cruz da Conceição;31;21;0;57;47;0;86;77;1;174;145;1;
13;RIBEIRÃO PRETO;24;RIBEIRAO PRETO;35133;VALE DAS CACHOEIRAS;354625 Santa Cruz da Esperança;38;3;0;13;2;0;50;14;0;101;19;0;
14;SÃO JOÃO DA BOA VISTA;26;SAO JOAO DA BOA VISTA;35142;MANTIQUEIRA;354630 Santa Cruz das Palmeiras;53;13;0;79;10;0;137;59;0;269;82;0;
9;MARÍLIA;13;ASSIS;35094;OURINHOS;354640 Santa Cruz do Rio Pardo;49;15;0;101;33;0;255;125;0;405;173;0;
3;ARARAQUARA;12;ARARAQUARA;35033;NOROESTE DRS III;354650 Santa Ernestina;159;47;0;248;128;0;289;86;0;696;261;0;
15;SÃO JOSÉ DO RIO PRETO;30;JALES;35152;SANTA FÉ DO SUL;354660 Santa Fé do Sul;1.334;946;5;538;350;0;349;178;0;2.221;1.474;5;
10;PIRACICABA;20;PIRACICABA;35104;RIO CLARO;354670 Santa Gertrudes;197;34;0;415;80;1;316;119;3;928;233;4;
1;GRANDE SÃO PAULO;8;MOGI DAS CRUZES;35011;ALTO DO TIETÊ;354680 Santa Isabel;114;23;0;266;52;0;444;118;0;824;193;0;
3;ARARAQUARA;12;ARARAQUARA;35031;CENTRAL DO DRS III;354690 Santa Lúcia;36;9;0;225;100;0;355;174;2;616;283;2;
10;PIRACICABA;20;PIRACICABA;35103;PIRACICABA;354700 Santa Maria da Serra;21;1;0;20;5;0;155;56;0;196;62;0;
11;PRESIDENTE PRUDENTE;22;PRESIDENTE VENCESLAU;35111;ALTA PAULISTA;354710 Santa Mercedes;4;1;0;13;1;0;7;0;0;24;2;0;
15;SÃO JOSÉ DO RIO PRETO;30;JALES;35153;JALES;354720 Santana da Ponte Pensa;133;107;0;26;16;0;10;3;0;169;126;0;
1;GRANDE SÃO PAULO;10;OSASCO;35014;ROTA DOS BANDEIRANTES;354730 Santana de Parnaíba;154;32;2;515;173;3;1.237;420;5;1.906;625;10;
15;SÃO JOSÉ DO RIO PRETO;30;JALES;35152;SANTA FÉ DO SUL;354740 Santa Rita d'Oeste;151;75;12;115;42;0;53;19;0;319;136;12;
13;RIBEIRÃO PRETO;24;RIBEIRAO PRETO;35132;AQUÍFERO GUARANI;354750 Santa Rita do Passa Quatro;818;802;1;445;436;0;411;405;0;1.674;1.643;1;
13;RIBEIRÃO PRETO;24;RIBEIRAO PRETO;35132;AQUÍFERO GUARANI;354760 Santa Rosa de Viterbo;808;408;0;505;356;1;239;138;0;1.552;902;1;
15;SÃO JOSÉ DO RIO PRETO;30;JALES;35153;JALES;354765 Santa Salete;195;59;37;61;20;5;20;3;3;276;82;45;
11;PRESIDENTE PRUDENTE;21;PRESIDENTE PRUDENTE;35112;ALTA SOROCABANA;354770 Santo Anastácio;113;8;1;87;16;1;45;30;0;245;54;2;
1;GRANDE SÃO PAULO;7;SANTO ANDRE;35015;GRANDE ABC;354780 Santo André;206;70;45;436;209;27;1.254;687;39;1.896;966;111;
13;RIBEIRÃO PRETO;24;RIBEIRAO PRETO;35133;VALE DAS CACHOEIRAS;354790 Santo Antônio da Alegria;16;12;0;71;64;0;120;106;0;207;182;0;
7;CAMPINAS;17;CAMPINAS;35072;REG METRO CAMPINAS;354800 Santo Antônio de Posse;259;180;1;709;462;0;1.102;527;2;2.070;1.169;3;
2;ARAÇATUBA;11;ARACATUBA;35021;CENTRAL DO DRS II;354805 Santo Antônio do Aracanguá;151;74;0;43;15;0;20;8;0;214;97;0;
14;SÃO JOÃO DA BOA VISTA;26;SAO JOAO DA BOA VISTA;35142;MANTIQUEIRA;354810 Santo Antônio do Jardim;10;2;0;13;7;0;42;31;0;65;40;0;
17;TAUBATÉ;33;TAUBATE;35174;V. PARAÍBA-REG. SERRANA;354820 Santo Antônio do Pinhal;4;0;0;7;0;0;17;2;0;28;2;0;
11;PRESIDENTE PRUDENTE;21;PRESIDENTE PRUDENTE;35112;ALTA SOROCABANA;354830 Santo Expedito;166;103;3;21;6;0;21;11;0;208;120;3;
2;ARAÇATUBA;11;ARACATUBA;35023;CONSÓRCIOS DO DRS II;354840 Santópolis do Aguapeí;36;21;0;42;22;0;69;46;0;147;89;0;
4;BAIXADA SANTISTA;25;SANTOS;35041;BAIXADA SANTISTA;354850 Santos;182;79;0;356;178;0;754;483;0;1.292;740;0;
17;TAUBATÉ;33;TAUBATE;35174;V. PARAÍBA-REG. SERRANA;354860 São Bento do Sapucaí;1;0;0;3;0;0;4;0;2;8;0;2;
1;GRANDE SÃO PAULO;7;SANTO ANDRE;35015;GRANDE ABC;354870 São Bernardo do Campo;578;58;56;1.277;207;19;1.562;399;14;3.417;664;89;
1;GRANDE SÃO PAULO;7;SANTO ANDRE;35015;GRANDE ABC;354880 São Caetano do Sul;88;7;18;277;94;11;549;221;46;914;322;75;
3;ARARAQUARA;12;ARARAQUARA;35032;CORAÇÃO DO DRS III;354890 São Carlos;1.306;630;16;3.325;2.236;17;7.847;5.743;65;12.478;8.609;98;
15;SÃO JOSÉ DO RIO PRETO;30;JALES;35153;JALES;354900 São Francisco;78;17;2;58;12;0;28;2;0;164;31;2;
14;SÃO JOÃO DA BOA VISTA;26;SAO JOAO DA BOA VISTA;35142;MANTIQUEIRA;354910 São João da Boa Vista;427;171;6;1.062;448;1;1.055;734;3;2.544;1.353;10;
15;SÃO JOSÉ DO RIO PRETO;30;JALES;35154;FERNANDÓPOLIS;354920 São João das Duas Pontes;23;19;1;32;26;3;13;9;0;68;54;4;
15;SÃO JOSÉ DO RIO PRETO;30;JALES;35154;FERNANDÓPOLIS;354925 São João de Iracema;36;11;0;17;9;0;29;14;0;82;34;0;
11;PRESIDENTE PRUDENTE;22;PRESIDENTE VENCESLAU;35111;ALTA PAULISTA;354930 São João do Pau d'Alho;9;1;0;8;0;0;10;0;0;27;1;0;
8;FRANCA;18;FRANCA;35082;ALTA ANHANGUERA;354940 São Joaquim da Barra;179;8;1;292;26;0;211;57;1;682;91;2;
8;FRANCA;18;FRANCA;35081;TRÊS COLINAS;354950 São José da Bela Vista;20;2;0;6;2;0;6;1;0;32;5;0;
17;TAUBATÉ;33;TAUBATE;35172;CIRCUITO DA FÉ - VALE HISTÓRICO;354960 São José do Barreiro;1;0;0;1;0;0;11;0;1;13;0;1;
14;SÃO JOÃO DA BOA VISTA;26;SAO JOAO DA BOA VISTA;35143;RIO PARDO;354970 São José do Rio Pardo;75;40;0;216;159;1;151;116;0;442;315;1;
15;SÃO JOSÉ DO RIO PRETO;29;SAO JOSE DO RIO PRETO;35155;SÃO JOSÉ DO RIO PRETO;354980 São José do Rio Preto;23.501;19.832;13;16.441;13.161;5;9.950;6.147;1;49.892;39.140;19;
17;TAUBATÉ;27;SAO JOSE DOS CAMPOS;35171;ALTO VALE DO PARAÍBA;354990 São José dos Campos;3.214;325;0;5.426;551;2;6.641;1.163;1;15.281;2.039;3;
1;GRANDE SÃO PAULO;10;OSASCO;35013;MANANCIAIS;354995 São Lourenço da Serra;1;0;0;8;2;0;15;5;0;24;7;0;
17;TAUBATÉ;33;TAUBATE;35174;V. PARAÍBA-REG. SERRANA;355000 São Luiz do Paraitinga;16;1;0;8;1;0;27;0;0;51;2;0;
6;BAURU;16;BOTUCATU;35063;POLO CUESTA;355010 São Manuel;63;7;4;158;36;4;289;155;11;510;198;19;
16;SOROCABA;31;SOROCABA;35161;ITAPETININGA;355020 São Miguel Arcanjo;17;2;0;79;8;1;126;10;1;222;20;2;
1;GRANDE SÃO PAULO;1;CAPITAL;35016;SÃO PAULO;355030 São Paulo;20.567;3.226;30;44.066;6.288;41;65.519;16.613;50;130.152;26.127;121;
10;PIRACICABA;20;PIRACICABA;35103;PIRACICABA;355040 São Pedro;987;525;1;1.404;664;4;647;441;15;3.038;1.630;20;
9;MARÍLIA;13;ASSIS;35094;OURINHOS;355050 São Pedro do Turvo;47;19;0;81;33;1;313;81;1;441;133;2;
16;SOROCABA;31;SOROCABA;35163;SOROCABA;355060 São Roque;114;8;2;364;80;1;1.635;260;3;2.113;348;6;
17;TAUBATÉ;28;CARAGUATATUBA;35173;LITORAL NORTE;355070 São Sebastião;469;57;0;908;167;0;1.092;297;1;2.469;521;1;
14;SÃO JOÃO DA BOA VISTA;26;SAO JOAO DA BOA VISTA;35143;RIO PARDO;355080 São Sebastião da Grama;20;4;0;40;5;0;105;43;0;165;52;0;
13;RIBEIRÃO PRETO;24;RIBEIRAO PRETO;35132;AQUÍFERO GUARANI;355090 São Simão;56;17;0;207;56;0;73;30;0;336;103;0;
4;BAIXADA SANTISTA;25;SANTOS;35041;BAIXADA SANTISTA;355100 São Vicente;172;100;0;285;162;1;450;257;1;907;519;2;
16;SOROCABA;31;SOROCABA;35161;ITAPETININGA;355110 Sarapuí;4;2;0;26;7;0;62;5;2;92;14;2;
6;BAURU;16;BOTUCATU;35061;VALE DO JURUMIRIM;355120 Sarutaiá;1;0;0;35;10;0;135;60;4;171;70;4;
15;SÃO JOSÉ DO RIO PRETO;29;SAO JOSE DO RIO PRETO;35157;VOTUPORANGA;355130 Sebastianópolis do Sul;37;16;0;76;17;0;97;30;0;210;63;0;
13;RIBEIRÃO PRETO;24;RIBEIRAO PRETO;35132;AQUÍFERO GUARANI;355140 Serra Azul;84;11;0;106;23;0;199;62;2;389;96;2;
13;RIBEIRÃO PRETO;24;RIBEIRAO PRETO;35132;AQUÍFERO GUARANI;355150 Serrana;179;71;1;393;245;2;482;170;1;1.054;486;4;
7;CAMPINAS;17;CAMPINAS;35074;CIRCUITO DAS AGUAS;355160 Serra Negra;58;5;10;196;27;15;282;43;21;536;75;46;
13;RIBEIRÃO PRETO;24;RIBEIRAO PRETO;35131;HORIZONTE VERDE;355170 Sertãozinho;5.010;2.081;25;3.910;3.506;59;1.897;1.709;8;10.817;7.296;92;
12;REGISTRO;23;REGISTRO;35121;VALE DO RIBEIRA;355180 Sete Barras;19;2;0;44;4;0;113;3;0;176;9;0;
5;BARRETOS;14;BARRETOS;35051;NORTE-BARRETOS;355190 Severínia;88;31;2;105;52;1;69;27;2;262;110;5;
17;TAUBATÉ;33;TAUBATE;35172;CIRCUITO DA FÉ - VALE HISTÓRICO;355200 Silveiras;0;0;0;4;3;0;5;0;0;9;3;0;
7;CAMPINAS;17;CAMPINAS;35071;BRAGANÇA;355210 Socorro;52;2;3;87;7;4;122;14;2;261;23;9;
16;SOROCABA;31;SOROCABA;35163;SOROCABA;355220 Sorocaba;2.093;491;27;5.967;1.429;5;11.500;4.243;7;19.560;6.163;39;
2;ARAÇATUBA;11;ARACATUBA;35022;LAGOS DO DRS II;355230 Sud Mennucci;464;144;2;422;151;12;321;116;7;1.207;411;21;
7;CAMPINAS;17;CAMPINAS;35072;REG METRO CAMPINAS;355240 Sumaré;632;274;3;2.058;855;6;2.438;1.556;16;5.128;2.685;25;
1;GRANDE SÃO PAULO;8;MOGI DAS CRUZES;35011;ALTO DO TIETÊ;355250 Suzano;199;20;1;348;40;2;292;54;3;839;114;6;
2;ARAÇATUBA;11;ARACATUBA;35022;LAGOS DO DRS II;355255 Suzanápolis;119;73;1;75;74;1;28;21;0;222;168;2;
15;SÃO JOSÉ DO RIO PRETO;29;SAO JOSE DO RIO PRETO;35151;CATANDUVA;355260 Tabapuã;136;51;0;124;55;0;180;90;0;440;196;0;
3;ARARAQUARA;12;ARARAQUARA;35033;NOROESTE DRS III;355270 Tabatinga;111;54;0;255;88;3;256;39;0;622;181;3;
1;GRANDE SÃO PAULO;10;OSASCO;35013;MANANCIAIS;355280 Taboão da Serra;200;35;1;469;45;0;1.128;206;0;1.797;286;1;
11;PRESIDENTE PRUDENTE;21;PRESIDENTE PRUDENTE;35112;ALTA SOROCABANA;355290 Taciba;41;8;1;106;22;0;250;90;0;397;120;1;
6;BAURU;16;BOTUCATU;35061;VALE DO JURUMIRIM;355300 Taguaí;83;20;6;200;65;6;229;112;0;512;197;12;
5;BARRETOS;14;BARRETOS;35052;SUL-BARRETOS;355310 Taiaçu;23;9;0;37;12;0;67;30;0;127;51;0;
5;BARRETOS;14;BARRETOS;35052;SUL-BARRETOS;355320 Taiúva;38;17;0;30;4;0;38;11;0;106;32;0;
14;SÃO JOÃO DA BOA VISTA;26;SAO JOAO DA BOA VISTA;35142;MANTIQUEIRA;355330 Tambaú;91;17;0;212;57;2;437;162;0;740;236;2;
15;SÃO JOSÉ DO RIO PRETO;29;SAO JOSE DO RIO PRETO;35155;SÃO JOSÉ DO RIO PRETO;355340 Tanabi;1.151;492;4;544;119;0;267;55;0;1.962;666;4;
16;SOROCABA;31;SOROCABA;35163;SOROCABA;355350 Tapiraí;1;1;0;10;1;2;47;1;0;58;3;2;
14;SÃO JOÃO DA BOA VISTA;26;SAO JOAO DA BOA VISTA;35143;RIO PARDO;355360 Tapiratiba;15;2;0;48;19;1;94;56;2;157;77;3;
5;BARRETOS;14;BARRETOS;35052;SUL-BARRETOS;355365 Taquaral;11;0;0;9;1;0;9;1;0;29;2;0;
3;ARARAQUARA;12;ARARAQUARA;35033;NOROESTE DRS III;355370 Taquaritinga;720;354;2;1.091;765;2;1.046;824;4;2.857;1.943;8;
6;BAURU;16;BOTUCATU;35061;VALE DO JURUMIRIM;355380 Taquarituba;4;0;0;47;2;2;49;9;3;100;11;5;
16;SOROCABA;32;ITAPEVA;35162;ITAPEVA;355385 Taquarivaí;6;0;0;13;0;2;57;5;0;76;5;2;
11;PRESIDENTE PRUDENTE;21;PRESIDENTE PRUDENTE;35112;ALTA SOROCABANA;355390 Tarabaí;33;4;4;156;64;22;182;44;10;371;112;36;
9;MARÍLIA;13;ASSIS;35092;ASSIS;355395 Tarumã;150;143;1;553;436;5;1.260;765;1;1.963;1.344;7;
16;SOROCABA;31;SOROCABA;35161;ITAPETININGA;355400 Tatuí;999;220;4;2.638;825;8;3.815;1.411;7;7.452;2.456;19;
17;TAUBATÉ;33;TAUBATE;35174;V. PARAÍBA-REG. SERRANA;355410 Taubaté;663;43;1;1.129;107;1;2.351;471;2;4.143;621;4;
6;BAURU;16;BOTUCATU;35061;VALE DO JURUMIRIM;355420 Tejupá;0;0;0;8;1;1;24;3;0;32;4;1;
11;PRESIDENTE PRUDENTE;22;PRESIDENTE VENCESLAU;35115;PONTAL DO PARANAPANEMA;355430 Teodoro Sampaio;123;19;1;331;89;3;593;222;28;1.047;330;32;
5;BARRETOS;14;BARRETOS;35052;SUL-BARRETOS;355440 Terra Roxa;2;2;0;50;13;0;63;35;3;115;50;3;
16;SOROCABA;31;SOROCABA;35163;SOROCABA;355450 Tietê;98;13;7;118;20;3;284;81;15;500;114;25;
9;MARÍLIA;13;ASSIS;35094;OURINHOS;355460 Timburi;2;0;0;2;2;0;3;1;1;7;3;1;
6;BAURU;16;BOTUCATU;35063;POLO CUESTA;355465 Torre de Pedra;6;1;0;5;3;0;15;5;0;26;9;0;
6;BAURU;15;BAURU;35064;JAU;355470 Torrinha;4;1;3;9;1;3;41;30;3;54;32;9;
3;ARARAQUARA;12;ARARAQUARA;35031;CENTRAL DO DRS III;355475 Trabiju;3;0;0;51;3;0;27;5;0;81;8;0;
17;TAUBATÉ;33;TAUBATE;35174;V. PARAÍBA-REG. SERRANA;355480 Tremembé;121;0;2;164;8;2;270;25;1;555;33;5;
15;SÃO JOSÉ DO RIO PRETO;30;JALES;35152;SANTA FÉ DO SUL;355490 Três Fronteiras;120;79;1;38;34;0;9;1;0;167;114;1;
7;CAMPINAS;17;CAMPINAS;35071;BRAGANÇA;355495 Tuiuti;10;2;0;18;2;0;37;7;0;65;11;0;
9;MARÍLIA;19;MARILIA;35095;TUPÃ;355500 Tupã;2.869;438;30;2.083;365;11;1.146;209;13;6.098;1.012;54;
11;PRESIDENTE PRUDENTE;22;PRESIDENTE VENCESLAU;35111;ALTA PAULISTA;355510 Tupi Paulista;40;11;3;39;7;1;22;4;0;101;22;4;
2;ARAÇATUBA;11;ARACATUBA;35023;CONSÓRCIOS DO DRS II;355520 Turiúba;18;17;0;50;41;0;29;27;0;97;85;0;
15;SÃO JOSÉ DO RIO PRETO;30;JALES;35154;FERNANDÓPOLIS;355530 Turmalina;91;86;1;29;25;2;36;32;3;156;143;6;
15;SÃO JOSÉ DO RIO PRETO;29;SAO JOSE DO RIO PRETO;35156;JOSÉ BONIFÁCIO;355535 Ubarana;515;262;3;176;127;1;117;87;0;808;476;4;
17;TAUBATÉ;28;CARAGUATATUBA;35173;LITORAL NORTE;355540 Ubatuba;523;30;0;645;90;0;873;121;0;2.041;241;0;
9;MARÍLIA;19;MARILIA;35093;MARÍLIA;355550 Ubirajara;1;0;0;4;0;0;48;29;0;53;29;0;
15;SÃO JOSÉ DO RIO PRETO;29;SAO JOSE DO RIO PRETO;35155;SÃO JOSÉ DO RIO PRETO;355560 Uchoa;382;147;0;300;149;3;272;130;0;954;426;3;
15;SÃO JOSÉ DO RIO PRETO;29;SAO JOSE DO RIO PRETO;35156;JOSÉ BONIFÁCIO;355570 União Paulista;31;3;6;26;2;2;6;0;1;63;5;9;
15;SÃO JOSÉ DO RIO PRETO;30;JALES;35153;JALES;355580 Urânia;474;452;3;141;131;0;57;51;0;672;634;3;
6;BAURU;15;BAURU;35065;LINS;355590 Uru;0;0;0;3;0;2;12;8;1;15;8;3;
15;SÃO JOSÉ DO RIO PRETO;29;SAO JOSE DO RIO PRETO;35151;CATANDUVA;355600 Urupês;468;144;2;288;105;0;238;82;1;994;331;3;
15;SÃO JOSÉ DO RIO PRETO;29;SAO JOSE DO RIO PRETO;35157;VOTUPORANGA;355610 Valentim Gentil;411;215;0;337;180;0;175;93;0;923;488;0;
7;CAMPINAS;17;CAMPINAS;35072;REG METRO CAMPINAS;355620 Valinhos;422;77;5;693;186;7;1.531;568;9;2.646;831;21;
2;ARAÇATUBA;11;ARACATUBA;35021;CENTRAL DO DRS II;355630 Valparaíso;655;431;4;897;480;1;715;358;2;2.267;1.269;7;
7;CAMPINAS;17;CAMPINAS;35071;BRAGANÇA;355635 Vargem;6;1;0;21;2;0;15;2;1;42;5;1;
14;SÃO JOÃO DA BOA VISTA;26;SAO JOAO DA BOA VISTA;35142;MANTIQUEIRA;355640 Vargem Grande do Sul;71;7;2;155;34;0;230;51;0;456;92;2;
1;GRANDE SÃO PAULO;10;OSASCO;35013;MANANCIAIS;355645 Vargem Grande Paulista;98;4;1;60;7;1;75;10;1;233;21;3;
7;CAMPINAS;17;CAMPINAS;35073;JUNDIAÍ;355650 Várzea Paulista;76;35;0;217;124;2;886;421;15;1.179;580;17;
9;MARÍLIA;19;MARILIA;35093;MARÍLIA;355660 Vera Cruz;196;124;1;350;149;3;367;149;3;913;422;7;
7;CAMPINAS;17;CAMPINAS;35072;REG METRO CAMPINAS;355670 Vinhedo;333;39;18;710;242;8;1.740;1.582;5;2.783;1.863;31;
5;BARRETOS;14;BARRETOS;35052;SUL-BARRETOS;355680 Viradouro;46;5;0;77;13;0;60;14;0;183;32;0;
5;BARRETOS;14;BARRETOS;35052;SUL-BARRETOS;355690 Vista Alegre do Alto;63;17;3;60;21;0;48;13;3;171;51;6;
15;SÃO JOSÉ DO RIO PRETO;30;JALES;35153;JALES;355695 Vitória Brasil;48;22;2;50;32;0;34;28;0;132;82;2;
16;SOROCABA;31;SOROCABA;35163;SOROCABA;355700 Votorantim;224;6;3;423;29;0;914;107;2;1.561;142;5;
15;SÃO JOSÉ DO RIO PRETO;29;SAO JOSE DO RIO PRETO;35157;VOTUPORANGA;355710 Votuporanga;3.003;1.790;3;2.592;1.075;0;1.718;333;0;7.313;3.198;3;
15;SÃO JOSÉ DO RIO PRETO;29;SAO JOSE DO RIO PRETO;35156;JOSÉ BONIFÁCIO;355715 Zacarias;103;72;0;164;89;0;70;44;0;337;205;0;
9;MARÍLIA;13;ASSIS;35094;OURINHOS;355720 Chavantes;214;182;0;496;460;0;496;416;0;1.206;1.058;0;
14;SÃO JOÃO DA BOA VISTA;26;SAO JOAO DA BOA VISTA;35141;BAIXA MOGIANA;355730 Estiva Gerbi;581;301;1;734;375;3;394;122;1;1.709;798;5;
;;;;;;Total do Estado ;227.071;114.848;2.226;317.418;145.302;2.630;394.872;171.719;2.093;939.361;431.869;6.949;
;;;;;;;;;;;;;;;;;;;
Dados informados pelas Secretarias Municipais de Saúde no Sistema de Informação - SINAN , 15.04.2025;;;;;;;;;;;;;;;;;;;
